region,subregion,name,party,votes,winner
BARANYA,Mohács,DR. HARGITAI JÁNOS,FIDESZ - MAGYAR POLGÁRI SZÖVETSÉG-KERESZTÉNYDEMOKRATA NÉPPÁRT,28172.0,True
BARANYA,Mohács,SCHWARCZ-KIEFER PATRIK,DEMOKRATIKUS KOALÍCIÓ-JOBBIK MAGYARORSZÁGÉRT MOZGALOM-MOMENTUM MOZGALOM-MAGYAR SZOCIALISTA PÁRT-LMP - MAGYARORSZÁG ZÖLD PÁRTJA-PÁRBESZÉD MAGYARORSZÁGÉRT PÁRT,13954.0,False
BARANYA,Mohács,BERNÁTH CSILLA,MI HAZÁNK MOZGALOM,3448.0,False
BARANYA,Mohács,DÖBREI ISTVÁN,MEGOLDÁS MOZGALOM,826.0,False
BARANYA,Mohács,KÓS ZOLTÁN,MAGYAR MUNKÁSPÁRT-IGEN SZOLIDARITÁS MAGYARORSZÁGÉRT MOZGALOM,213.0,False
BARANYA,Pécs 1,DR. MELLÁR TAMÁS,DEMOKRATIKUS KOALÍCIÓ-JOBBIK MAGYARORSZÁGÉRT MOZGALOM-MOMENTUM MOZGALOM-MAGYAR SZOCIALISTA PÁRT-LMP - MAGYARORSZÁG ZÖLD PÁRTJA-PÁRBESZÉD MAGYARORSZÁGÉRT PÁRT,22710.0,True
BARANYA,Pécs 1,KŐVÁRI JÁNOS,FIDESZ - MAGYAR POLGÁRI SZÖVETSÉG-KERESZTÉNYDEMOKRATA NÉPPÁRT,21557.0,False
BARANYA,Pécs 1,VARGA TAMÁS,MI HAZÁNK MOZGALOM,2779.0,False
BARANYA,Pécs 1,NAGY RICHÁRD,MAGYAR KÉTFARKÚ KUTYA PÁRT,2103.0,False
BARANYA,Pécs 1,BOGNÁR SZILVIA,Független jelölt,1521.0,False
BARANYA,Pécs 1,PALKÓ ÁDÁM,MEGOLDÁS MOZGALOM,422.0,False
BARANYA,Pécs 1,HIRTH JÓZSEF,NORMÁLIS ÉLET PÁRTJA,391.0,False
BARANYA,Pécs 1,SUGÁR GYÖRGY,MAGYAR MUNKÁSPÁRT-IGEN SZOLIDARITÁS MAGYARORSZÁGÉRT MOZGALOM,114.0,False
BARANYA,Pécs 2,DR. HOPPÁL PÉTER,FIDESZ - MAGYAR POLGÁRI SZÖVETSÉG-KERESZTÉNYDEMOKRATA NÉPPÁRT,22898.0,True
BARANYA,Pécs 2,DR. SZAKÁCS LÁSZLÓ,DEMOKRATIKUS KOALÍCIÓ-JOBBIK MAGYARORSZÁGÉRT MOZGALOM-MOMENTUM MOZGALOM-MAGYAR SZOCIALISTA PÁRT-LMP - MAGYARORSZÁG ZÖLD PÁRTJA-PÁRBESZÉD MAGYARORSZÁGÉRT PÁRT,21226.0,False
BARANYA,Pécs 2,IPACS SÁNDOR,MI HAZÁNK MOZGALOM,2829.0,False
BARANYA,Pécs 2,MARTOS CSONGOR,MAGYAR KÉTFARKÚ KUTYA PÁRT,2099.0,False
BARANYA,Pécs 2,HENCSEI ZSOLT,Független jelölt,837.0,False
BARANYA,Pécs 2,DR. JUHÁSZ GÁBOR,MEGOLDÁS MOZGALOM,635.0,False
BARANYA,Pécs 2,ÁRVAINÉ BEHÁN ZSUZSANNA,NORMÁLIS ÉLET PÁRTJA,543.0,False
BARANYA,Pécs 2,SZILÁGYI LÁSZLÓ CSABA,MAGYAR MUNKÁSPÁRT-IGEN SZOLIDARITÁS MAGYARORSZÁGÉRT MOZGALOM,489.0,False
BARANYA,Szigetvár,NAGY CSABA,FIDESZ - MAGYAR POLGÁRI SZÖVETSÉG-KERESZTÉNYDEMOKRATA NÉPPÁRT,29403.0,True
BARANYA,Szigetvár,SZARKÁNDI LAJOSNÉ,DEMOKRATIKUS KOALÍCIÓ-JOBBIK MAGYARORSZÁGÉRT MOZGALOM-MOMENTUM MOZGALOM-MAGYAR SZOCIALISTA PÁRT-LMP - MAGYARORSZÁG ZÖLD PÁRTJA-PÁRBESZÉD MAGYARORSZÁGÉRT PÁRT,13835.0,False
BARANYA,Szigetvár,ÁCS JÓZSEF,MI HAZÁNK MOZGALOM,2575.0,False
BARANYA,Szigetvár,MOLNÁR-FULMER GERGELY,MAGYAR KÉTFARKÚ KUTYA PÁRT,1215.0,False
BARANYA,Szigetvár,KÁRPÁTI ZOLTÁN,Független jelölt,760.0,False
BARANYA,Szigetvár,VIG AURÉL BENCE,MEGOLDÁS MOZGALOM,352.0,False
BARANYA,Szigetvár,GÁL JÓZSEF,A MI PÁRTUNK - IMA,0.0,False
BORSOD-ABAÚJ-ZEMPLÉN,Kazincbarcika,DEMETER ZOLTÁN,FIDESZ - MAGYAR POLGÁRI SZÖVETSÉG-KERESZTÉNYDEMOKRATA NÉPPÁRT,24636.0,True
BORSOD-ABAÚJ-ZEMPLÉN,Kazincbarcika,ÜVEGES GÁBOR,DEMOKRATIKUS KOALÍCIÓ-JOBBIK MAGYARORSZÁGÉRT MOZGALOM-MOMENTUM MOZGALOM-MAGYAR SZOCIALISTA PÁRT-LMP - MAGYARORSZÁG ZÖLD PÁRTJA-PÁRBESZÉD MAGYARORSZÁGÉRT PÁRT,15648.0,False
BORSOD-ABAÚJ-ZEMPLÉN,Kazincbarcika,DR. FISZTER ZSUZSANNA,MI HAZÁNK MOZGALOM,3276.0,False
BORSOD-ABAÚJ-ZEMPLÉN,Kazincbarcika,GALÁN MÁTÉ,MAGYAR KÉTFARKÚ KUTYA PÁRT,856.0,False
BORSOD-ABAÚJ-ZEMPLÉN,Kazincbarcika,ENDRE LÁSZLÓ ANDRÁS,MEGOLDÁS MOZGALOM,256.0,False
BORSOD-ABAÚJ-ZEMPLÉN,Kazincbarcika,PETŐ KRISZTIÁN,NORMÁLIS ÉLET PÁRTJA,252.0,False
BORSOD-ABAÚJ-ZEMPLÉN,Kazincbarcika,SZÁNTÓ SZABOLCS,ZÖLDEK PÁRTJA,208.0,False
BORSOD-ABAÚJ-ZEMPLÉN,Kazincbarcika,MENYHÉRT ROLAND,MAGYAR MUNKÁSPÁRT-IGEN SZOLIDARITÁS MAGYARORSZÁGÉRT MOZGALOM,92.0,False
BORSOD-ABAÚJ-ZEMPLÉN,Kazincbarcika,KÓTAI GYULA,A MI PÁRTUNK - IMA,69.0,False
BORSOD-ABAÚJ-ZEMPLÉN,Mezőkövesd,TÁLLAI ANDRÁS,FIDESZ - MAGYAR POLGÁRI SZÖVETSÉG-KERESZTÉNYDEMOKRATA NÉPPÁRT,29907.0,True
BORSOD-ABAÚJ-ZEMPLÉN,Mezőkövesd,SERMER ÁDÁM,DEMOKRATIKUS KOALÍCIÓ-JOBBIK MAGYARORSZÁGÉRT MOZGALOM-MOMENTUM MOZGALOM-MAGYAR SZOCIALISTA PÁRT-LMP - MAGYARORSZÁG ZÖLD PÁRTJA-PÁRBESZÉD MAGYARORSZÁGÉRT PÁRT,13343.0,False
BORSOD-ABAÚJ-ZEMPLÉN,Mezőkövesd,SZAJLAI JÁNOS,MI HAZÁNK MOZGALOM,3721.0,False
BORSOD-ABAÚJ-ZEMPLÉN,Mezőkövesd,BLAU SÁNDOR,MAGYAR KÉTFARKÚ KUTYA PÁRT,1000.0,False
BORSOD-ABAÚJ-ZEMPLÉN,Mezőkövesd,KERTÉSZ GYULA,MEGOLDÁS MOZGALOM,592.0,False
BORSOD-ABAÚJ-ZEMPLÉN,Mezőkövesd,KOVÁCS LÁSZLÓ,NORMÁLIS ÉLET PÁRTJA,335.0,False
BORSOD-ABAÚJ-ZEMPLÉN,Mezőkövesd,NÓTÁR ZOLTÁN,Független jelölt,230.0,False
BORSOD-ABAÚJ-ZEMPLÉN,Mezőkövesd,FARKAS ÉVA,Független jelölt,177.0,False
BORSOD-ABAÚJ-ZEMPLÉN,Mezőkövesd,KÓRÓDI PÉTER,MAGYAR MUNKÁSPÁRT-IGEN SZOLIDARITÁS MAGYARORSZÁGÉRT MOZGALOM,103.0,False
BORSOD-ABAÚJ-ZEMPLÉN,Mezőkövesd,NÓTÁR BALÁZS MÁTÉ,Független jelölt,90.0,False
BORSOD-ABAÚJ-ZEMPLÉN,Miskolc 1,CSÖBÖR KATALIN,FIDESZ - MAGYAR POLGÁRI SZÖVETSÉG-KERESZTÉNYDEMOKRATA NÉPPÁRT,22978.0,True
BORSOD-ABAÚJ-ZEMPLÉN,Miskolc 1,SZILÁGYI SZABOLCS,DEMOKRATIKUS KOALÍCIÓ-JOBBIK MAGYARORSZÁGÉRT MOZGALOM-MOMENTUM MOZGALOM-MAGYAR SZOCIALISTA PÁRT-LMP - MAGYARORSZÁG ZÖLD PÁRTJA-PÁRBESZÉD MAGYARORSZÁGÉRT PÁRT,20442.0,False
BORSOD-ABAÚJ-ZEMPLÉN,Miskolc 1,DUZSIK ISTVÁN,MI HAZÁNK MOZGALOM,3266.0,False
BORSOD-ABAÚJ-ZEMPLÉN,Miskolc 1,PÁSTI GABRIELLA,MAGYAR KÉTFARKÚ KUTYA PÁRT,1289.0,False
BORSOD-ABAÚJ-ZEMPLÉN,Miskolc 1,HALMI BENCE ISTVÁN,MEGOLDÁS MOZGALOM,1016.0,False
BORSOD-ABAÚJ-ZEMPLÉN,Miskolc 1,LOUKOTA ZOLTÁNNÉ,NORMÁLIS ÉLET PÁRTJA,296.0,False
BORSOD-ABAÚJ-ZEMPLÉN,Miskolc 1,KILIÁN BÉLA,MAGYAR MUNKÁSPÁRT-IGEN SZOLIDARITÁS MAGYARORSZÁGÉRT MOZGALOM,129.0,False
BORSOD-ABAÚJ-ZEMPLÉN,Miskolc 2,DR. KISS JÁNOS,FIDESZ - MAGYAR POLGÁRI SZÖVETSÉG-KERESZTÉNYDEMOKRATA NÉPPÁRT,20602.0,True
BORSOD-ABAÚJ-ZEMPLÉN,Miskolc 2,DR. VARGA LÁSZLÓ,DEMOKRATIKUS KOALÍCIÓ-JOBBIK MAGYARORSZÁGÉRT MOZGALOM-MOMENTUM MOZGALOM-MAGYAR SZOCIALISTA PÁRT-LMP - MAGYARORSZÁG ZÖLD PÁRTJA-PÁRBESZÉD MAGYARORSZÁGÉRT PÁRT,20110.0,False
BORSOD-ABAÚJ-ZEMPLÉN,Miskolc 2,PAKUSZA ZOLTÁN,MI HAZÁNK MOZGALOM,3977.0,False
BORSOD-ABAÚJ-ZEMPLÉN,Miskolc 2,KISS GÁBOR,MAGYAR KÉTFARKÚ KUTYA PÁRT,1278.0,False
BORSOD-ABAÚJ-ZEMPLÉN,Miskolc 2,SIMKÓ ISTVÁN TAMÁS,MEGOLDÁS MOZGALOM,551.0,False
BORSOD-ABAÚJ-ZEMPLÉN,Miskolc 2,SZEKERES ANITA,NORMÁLIS ÉLET PÁRTJA,309.0,False
BORSOD-ABAÚJ-ZEMPLÉN,Miskolc 2,FÜLÖP JÓZSEF ISTVÁNNÉ,MAGYAR MUNKÁSPÁRT-IGEN SZOLIDARITÁS MAGYARORSZÁGÉRT MOZGALOM,157.0,False
BORSOD-ABAÚJ-ZEMPLÉN,Sátoraljaújhely,DR. HÖRCSIK RICHÁRD,FIDESZ - MAGYAR POLGÁRI SZÖVETSÉG-KERESZTÉNYDEMOKRATA NÉPPÁRT,27335.0,True
BORSOD-ABAÚJ-ZEMPLÉN,Sátoraljaújhely,ERDEI SÁNDOR ZSOLT,DEMOKRATIKUS KOALÍCIÓ-JOBBIK MAGYARORSZÁGÉRT MOZGALOM-MOMENTUM MOZGALOM-MAGYAR SZOCIALISTA PÁRT-LMP - MAGYARORSZÁG ZÖLD PÁRTJA-PÁRBESZÉD MAGYARORSZÁGÉRT PÁRT,13526.0,False
BORSOD-ABAÚJ-ZEMPLÉN,Sátoraljaújhely,PASZTORNICZKY ISTVÁN,MI HAZÁNK MOZGALOM,2614.0,False
BORSOD-ABAÚJ-ZEMPLÉN,Sátoraljaújhely,VINCZE TAMÁS,MAGYAR KÉTFARKÚ KUTYA PÁRT,736.0,False
BORSOD-ABAÚJ-ZEMPLÉN,Sátoraljaújhely,ORNYIK RÓBERT,MEGOLDÁS MOZGALOM,257.0,False
BORSOD-ABAÚJ-ZEMPLÉN,Sátoraljaújhely,VARGA ZOLTÁN,NORMÁLIS ÉLET PÁRTJA,206.0,False
BORSOD-ABAÚJ-ZEMPLÉN,Sátoraljaújhely,STEFÁN GÁBOR,Független jelölt,180.0,False
BORSOD-ABAÚJ-ZEMPLÉN,Sátoraljaújhely,BALOGH RÓBERT,Független jelölt,169.0,False
BORSOD-ABAÚJ-ZEMPLÉN,Sátoraljaújhely,GLONCI BÉLA,MAGYAR MUNKÁSPÁRT-IGEN SZOLIDARITÁS MAGYARORSZÁGÉRT MOZGALOM,83.0,False
BORSOD-ABAÚJ-ZEMPLÉN,Tiszaújváros,DR. KONCZ ZSÓFIA,FIDESZ - MAGYAR POLGÁRI SZÖVETSÉG-KERESZTÉNYDEMOKRATA NÉPPÁRT,29737.0,True
BORSOD-ABAÚJ-ZEMPLÉN,Tiszaújváros,JÉZSÓ GÁBOR,DEMOKRATIKUS KOALÍCIÓ-JOBBIK MAGYARORSZÁGÉRT MOZGALOM-MOMENTUM MOZGALOM-MAGYAR SZOCIALISTA PÁRT-LMP - MAGYARORSZÁG ZÖLD PÁRTJA-PÁRBESZÉD MAGYARORSZÁGÉRT PÁRT,18618.0,False
BORSOD-ABAÚJ-ZEMPLÉN,Tiszaújváros,MACSKÁS JÓZSEF,Független jelölt,732.0,False
BORSOD-ABAÚJ-ZEMPLÉN,Tiszaújváros,VESZPRÉMI ÁDÁM,MEGOLDÁS MOZGALOM,558.0,False
BORSOD-ABAÚJ-ZEMPLÉN,Tiszaújváros,MOLNÁR SÁNDOR,NORMÁLIS ÉLET PÁRTJA,523.0,False
BORSOD-ABAÚJ-ZEMPLÉN,Tiszaújváros,PAPP GYÖRGY,MAGYAR MUNKÁSPÁRT-IGEN SZOLIDARITÁS MAGYARORSZÁGÉRT MOZGALOM,237.0,False
BORSOD-ABAÚJ-ZEMPLÉN,Ózd,RIZ GÁBOR,FIDESZ - MAGYAR POLGÁRI SZÖVETSÉG-KERESZTÉNYDEMOKRATA NÉPPÁRT,23686.0,True
BORSOD-ABAÚJ-ZEMPLÉN,Ózd,KISS SÁNDOR,DEMOKRATIKUS KOALÍCIÓ-JOBBIK MAGYARORSZÁGÉRT MOZGALOM-MOMENTUM MOZGALOM-MAGYAR SZOCIALISTA PÁRT-LMP - MAGYARORSZÁG ZÖLD PÁRTJA-PÁRBESZÉD MAGYARORSZÁGÉRT PÁRT,10884.0,False
BORSOD-ABAÚJ-ZEMPLÉN,Ózd,SZARVAS GÁBOR,MI HAZÁNK MOZGALOM,2389.0,False
BORSOD-ABAÚJ-ZEMPLÉN,Ózd,VILCSEK ERNŐ,Független jelölt,2121.0,False
BORSOD-ABAÚJ-ZEMPLÉN,Ózd,GYURGYÁK TAMÁS,MAGYAR KÉTFARKÚ KUTYA PÁRT,548.0,False
BORSOD-ABAÚJ-ZEMPLÉN,Ózd,LENKÓ ORSOLYA,MEGOLDÁS MOZGALOM,222.0,False
BORSOD-ABAÚJ-ZEMPLÉN,Ózd,ZSIDEK ISTVÁN BENCE,NORMÁLIS ÉLET PÁRTJA,177.0,False
BORSOD-ABAÚJ-ZEMPLÉN,Ózd,PAP FERENC,MAGYAR MUNKÁSPÁRT-IGEN SZOLIDARITÁS MAGYARORSZÁGÉRT MOZGALOM,167.0,False
BUDAPEST,Budapest II. kerület,TORDAI BENCE,DEMOKRATIKUS KOALÍCIÓ-JOBBIK MAGYARORSZÁGÉRT MOZGALOM-MOMENTUM MOZGALOM-MAGYAR SZOCIALISTA PÁRT-LMP - MAGYARORSZÁG ZÖLD PÁRTJA-PÁRBESZÉD MAGYARORSZÁGÉRT PÁRT,29993.0,True
BUDAPEST,Budapest II. kerület,DR. GÓR CSABA,FIDESZ - MAGYAR POLGÁRI SZÖVETSÉG-KERESZTÉNYDEMOKRATA NÉPPÁRT,23468.0,False
BUDAPEST,Budapest II. kerület,JUHÁSZ VERONIKA,MAGYAR KÉTFARKÚ KUTYA PÁRT,2130.0,False
BUDAPEST,Budapest II. kerület,NAGY ATTILA,MI HAZÁNK MOZGALOM,1352.0,False
BUDAPEST,Budapest II. kerület,HORVÁTH DIÁNA,MEGOLDÁS MOZGALOM,623.0,False
BUDAPEST,Budapest II. kerület,LÁZ JÓZSEF,NORMÁLIS ÉLET PÁRTJA,235.0,False
BUDAPEST,Budapest III. kerület,SZABÓ TIMEA,DEMOKRATIKUS KOALÍCIÓ-JOBBIK MAGYARORSZÁGÉRT MOZGALOM-MOMENTUM MOZGALOM-MAGYAR SZOCIALISTA PÁRT-LMP - MAGYARORSZÁG ZÖLD PÁRTJA-PÁRBESZÉD MAGYARORSZÁGÉRT PÁRT,26051.0,True
BUDAPEST,Budapest III. kerület,BÚS BALÁZS,FIDESZ - MAGYAR POLGÁRI SZÖVETSÉG-KERESZTÉNYDEMOKRATA NÉPPÁRT,21940.0,False
BUDAPEST,Budapest III. kerület,BUDAI SÁNDOR,MAGYAR KÉTFARKÚ KUTYA PÁRT,1954.0,False
BUDAPEST,Budapest III. kerület,KATONA MIKLÓS,MI HAZÁNK MOZGALOM,1929.0,False
BUDAPEST,Budapest III. kerület,POTECZKI IMRE,MEGOLDÁS MOZGALOM,826.0,False
BUDAPEST,Budapest III. kerület,RÓZSA LÁSZLÓ PÉTER,VALÓDI DEMOKRATA PÁRT,365.0,False
BUDAPEST,Budapest III. kerület,MÜLLER ANITA,NORMÁLIS ÉLET PÁRTJA,296.0,False
BUDAPEST,Budapest IV. kerület,VARJU LÁSZLÓ,DEMOKRATIKUS KOALÍCIÓ-JOBBIK MAGYARORSZÁGÉRT MOZGALOM-MOMENTUM MOZGALOM-MAGYAR SZOCIALISTA PÁRT-LMP - MAGYARORSZÁG ZÖLD PÁRTJA-PÁRBESZÉD MAGYARORSZÁGÉRT PÁRT,28195.0,True
BUDAPEST,Budapest IV. kerület,WINTERMANTEL ZSOLT,FIDESZ - MAGYAR POLGÁRI SZÖVETSÉG-KERESZTÉNYDEMOKRATA NÉPPÁRT,21684.0,False
BUDAPEST,Budapest IV. kerület,PAJOR TIBOR,MI HAZÁNK MOZGALOM,2480.0,False
BUDAPEST,Budapest IV. kerület,PAIZS MIKLÓS,MAGYAR KÉTFARKÚ KUTYA PÁRT,1949.0,False
BUDAPEST,Budapest IV. kerület,ENDRÉDI ISTVÁN,MEGOLDÁS MOZGALOM,900.0,False
BUDAPEST,Budapest IV. kerület,SZŐNYI JÓZSEF,NORMÁLIS ÉLET PÁRTJA,277.0,False
BUDAPEST,Budapest V. kerület,CSÁRDI ANTAL,DEMOKRATIKUS KOALÍCIÓ-JOBBIK MAGYARORSZÁGÉRT MOZGALOM-MOMENTUM MOZGALOM-MAGYAR SZOCIALISTA PÁRT-LMP - MAGYARORSZÁG ZÖLD PÁRTJA-PÁRBESZÉD MAGYARORSZÁGÉRT PÁRT,21778.0,True
BUDAPEST,Budapest V. kerület,BÖRÖCZ LÁSZLÓ,FIDESZ - MAGYAR POLGÁRI SZÖVETSÉG-KERESZTÉNYDEMOKRATA NÉPPÁRT,19144.0,False
BUDAPEST,Budapest V. kerület,HOTZ ANTAL,MAGYAR KÉTFARKÚ KUTYA PÁRT,1975.0,False
BUDAPEST,Budapest V. kerület,SZIKORA ISTVÁN,MI HAZÁNK MOZGALOM,1229.0,False
BUDAPEST,Budapest V. kerület,MURÁNYI GERGELY,MEGOLDÁS MOZGALOM,543.0,False
BUDAPEST,Budapest V. kerület,SWIERKIEWICZ LARION,NORMÁLIS ÉLET PÁRTJA,186.0,False
BUDAPEST,Budapest V. kerület,SIMON GYÖRGY,MAGYAR MUNKÁSPÁRT-IGEN SZOLIDARITÁS MAGYARORSZÁGÉRT MOZGALOM,79.0,False
BUDAPEST,Budapest VII. kerület,DR. OLÁH LAJOS,DEMOKRATIKUS KOALÍCIÓ-JOBBIK MAGYARORSZÁGÉRT MOZGALOM-MOMENTUM MOZGALOM-MAGYAR SZOCIALISTA PÁRT-LMP - MAGYARORSZÁG ZÖLD PÁRTJA-PÁRBESZÉD MAGYARORSZÁGÉRT PÁRT,20561.0,True
BUDAPEST,Budapest VII. kerület,KOVÁCS BALÁZS NORBERT,FIDESZ - MAGYAR POLGÁRI SZÖVETSÉG-KERESZTÉNYDEMOKRATA NÉPPÁRT,15119.0,False
BUDAPEST,Budapest VII. kerület,TERDIK ROLAND,MAGYAR KÉTFARKÚ KUTYA PÁRT,2228.0,False
BUDAPEST,Budapest VII. kerület,DR. POPÉLY GYULA,MI HAZÁNK MOZGALOM,1467.0,False
BUDAPEST,Budapest VII. kerület,MAJOR GERGELY RÓBERT,MEGOLDÁS MOZGALOM,638.0,False
BUDAPEST,Budapest VIII. kerület,JÁMBOR ANDRÁS,DEMOKRATIKUS KOALÍCIÓ-JOBBIK MAGYARORSZÁGÉRT MOZGALOM-MOMENTUM MOZGALOM-MAGYAR SZOCIALISTA PÁRT-LMP - MAGYARORSZÁG ZÖLD PÁRTJA-PÁRBESZÉD MAGYARORSZÁGÉRT PÁRT,21462.0,True
BUDAPEST,Budapest VIII. kerület,SÁRA BOTOND,FIDESZ - MAGYAR POLGÁRI SZÖVETSÉG-KERESZTÉNYDEMOKRATA NÉPPÁRT,18561.0,False
BUDAPEST,Budapest VIII. kerület,DÚRÓ DÓRA,MI HAZÁNK MOZGALOM,2159.0,False
BUDAPEST,Budapest VIII. kerület,DÖME ZSUZSANNA,MAGYAR KÉTFARKÚ KUTYA PÁRT,1933.0,False
BUDAPEST,Budapest VIII. kerület,HAGA BÉLA,NORMÁLIS ÉLET PÁRTJA,307.0,False
BUDAPEST,Budapest X. kerület,ARATÓ GERGELY,DEMOKRATIKUS KOALÍCIÓ-JOBBIK MAGYARORSZÁGÉRT MOZGALOM-MOMENTUM MOZGALOM-MAGYAR SZOCIALISTA PÁRT-LMP - MAGYARORSZÁG ZÖLD PÁRTJA-PÁRBESZÉD MAGYARORSZÁGÉRT PÁRT,22990.0,True
BUDAPEST,Budapest X. kerület,DR. PAP SÁNDOR,FIDESZ - MAGYAR POLGÁRI SZÖVETSÉG-KERESZTÉNYDEMOKRATA NÉPPÁRT,21282.0,False
BUDAPEST,Budapest X. kerület,VÉKONY CSONGOR,MI HAZÁNK MOZGALOM,2210.0,False
BUDAPEST,Budapest X. kerület,HANKÓ KLÁRA,MAGYAR KÉTFARKÚ KUTYA PÁRT,1957.0,False
BUDAPEST,Budapest X. kerület,DÉTÁRI LAJOS LÁSZLÓ,MEGOLDÁS MOZGALOM,1100.0,False
BUDAPEST,Budapest X. kerület,DEMÉNY-NAGY KRISTÓF,NORMÁLIS ÉLET PÁRTJA,292.0,False
BUDAPEST,Budapest X. kerület,GÁL PÉTER,MAGYAR MUNKÁSPÁRT-IGEN SZOLIDARITÁS MAGYARORSZÁGÉRT MOZGALOM,180.0,False
BUDAPEST,Budapest XI. kerület,OROSZ ANNA,DEMOKRATIKUS KOALÍCIÓ-JOBBIK MAGYARORSZÁGÉRT MOZGALOM-MOMENTUM MOZGALOM-MAGYAR SZOCIALISTA PÁRT-LMP - MAGYARORSZÁG ZÖLD PÁRTJA-PÁRBESZÉD MAGYARORSZÁGÉRT PÁRT,27881.0,True
BUDAPEST,Budapest XI. kerület,DR. SIMICSKÓ ISTVÁN,FIDESZ - MAGYAR POLGÁRI SZÖVETSÉG-KERESZTÉNYDEMOKRATA NÉPPÁRT,21864.0,False
BUDAPEST,Budapest XI. kerület,NOVÁK ELŐD,MI HAZÁNK MOZGALOM,1653.0,False
BUDAPEST,Budapest XI. kerület,MENDLY MIKLÓS,MAGYAR KÉTFARKÚ KUTYA PÁRT,1607.0,False
BUDAPEST,Budapest XI. kerület,SZENES GÁBOR,MEGOLDÁS MOZGALOM,458.0,False
BUDAPEST,Budapest XI. kerület,BILLEIN PIROSKA,NORMÁLIS ÉLET PÁRTJA,159.0,False
BUDAPEST,Budapest XI. kerület,BARABÁS GYÖRGY,MAGYAR MUNKÁSPÁRT-IGEN SZOLIDARITÁS MAGYARORSZÁGÉRT MOZGALOM,56.0,False
BUDAPEST,Budapest XII. kerület,HAJNAL MIKLÓS,DEMOKRATIKUS KOALÍCIÓ-JOBBIK MAGYARORSZÁGÉRT MOZGALOM-MOMENTUM MOZGALOM-MAGYAR SZOCIALISTA PÁRT-LMP - MAGYARORSZÁG ZÖLD PÁRTJA-PÁRBESZÉD MAGYARORSZÁGÉRT PÁRT,25323.0,True
BUDAPEST,Budapest XII. kerület,DR. FÜRJES BALÁZS,FIDESZ - MAGYAR POLGÁRI SZÖVETSÉG-KERESZTÉNYDEMOKRATA NÉPPÁRT,21872.0,False
BUDAPEST,Budapest XII. kerület,KOVÁCS GERGELY,MAGYAR KÉTFARKÚ KUTYA PÁRT,2861.0,False
BUDAPEST,Budapest XII. kerület,DR. GRUNDTNER ANDRÁS,MI HAZÁNK MOZGALOM,1163.0,False
BUDAPEST,Budapest XII. kerület,HAJDU MÁRIA,Független jelölt,680.0,False
BUDAPEST,Budapest XII. kerület,JENEI DÁVID,MEGOLDÁS MOZGALOM,398.0,False
BUDAPEST,Budapest XIII. kerület,HISZÉKENY DEZSŐ,DEMOKRATIKUS KOALÍCIÓ-JOBBIK MAGYARORSZÁGÉRT MOZGALOM-MOMENTUM MOZGALOM-MAGYAR SZOCIALISTA PÁRT-LMP - MAGYARORSZÁG ZÖLD PÁRTJA-PÁRBESZÉD MAGYARORSZÁGÉRT PÁRT,35248.0,True
BUDAPEST,Budapest XIII. kerület,HARRACH TAMÁS,FIDESZ - MAGYAR POLGÁRI SZÖVETSÉG-KERESZTÉNYDEMOKRATA NÉPPÁRT,17697.0,False
BUDAPEST,Budapest XIII. kerület,DR. ALEVA MÁRTA,MAGYAR KÉTFARKÚ KUTYA PÁRT,2445.0,False
BUDAPEST,Budapest XIII. kerület,NAGY ZSOLT,MI HAZÁNK MOZGALOM,1907.0,False
BUDAPEST,Budapest XIII. kerület,HALMI BAJNOK,MEGOLDÁS MOZGALOM,675.0,False
BUDAPEST,Budapest XIII. kerület,DR. VARGA ISTVÁN KÁROLY,NORMÁLIS ÉLET PÁRTJA,263.0,False
BUDAPEST,Budapest XIV. kerület,DR. HADHÁZY ÁKOS,DEMOKRATIKUS KOALÍCIÓ-JOBBIK MAGYARORSZÁGÉRT MOZGALOM-MOMENTUM MOZGALOM-MAGYAR SZOCIALISTA PÁRT-LMP - MAGYARORSZÁG ZÖLD PÁRTJA-PÁRBESZÉD MAGYARORSZÁGÉRT PÁRT,30159.0,True
BUDAPEST,Budapest XIV. kerület,BORBÉLY ÁDÁM,FIDESZ - MAGYAR POLGÁRI SZÖVETSÉG-KERESZTÉNYDEMOKRATA NÉPPÁRT,20373.0,False
BUDAPEST,Budapest XIV. kerület,CZEGLÉDI JÁNOS,MI HAZÁNK MOZGALOM,2108.0,False
BUDAPEST,Budapest XIV. kerület,RÓZSA REGINA,MAGYAR KÉTFARKÚ KUTYA PÁRT,1946.0,False
BUDAPEST,Budapest XIV. kerület,JANICSÁK ISTVÁN,MEGOLDÁS MOZGALOM,816.0,False
BUDAPEST,Budapest XIV. kerület,DUMA NORBERT,NORMÁLIS ÉLET PÁRTJA,255.0,False
BUDAPEST,Budapest XIV. kerület,KARACS LAJOSNÉ,MAGYAR MUNKÁSPÁRT-IGEN SZOLIDARITÁS MAGYARORSZÁGÉRT MOZGALOM,104.0,False
BUDAPEST,Budapest XV. kerület,BARKÓCZI BALÁZS,DEMOKRATIKUS KOALÍCIÓ-JOBBIK MAGYARORSZÁGÉRT MOZGALOM-MOMENTUM MOZGALOM-MAGYAR SZOCIALISTA PÁRT-LMP - MAGYARORSZÁG ZÖLD PÁRTJA-PÁRBESZÉD MAGYARORSZÁGÉRT PÁRT,23397.0,True
BUDAPEST,Budapest XV. kerület,DR. PINTÉR GÁBOR,FIDESZ - MAGYAR POLGÁRI SZÖVETSÉG-KERESZTÉNYDEMOKRATA NÉPPÁRT,21987.0,False
BUDAPEST,Budapest XV. kerület,TAKÁCS ANDRÁS,MI HAZÁNK MOZGALOM,2559.0,False
BUDAPEST,Budapest XV. kerület,STEIMETZ ALEX,MAGYAR KÉTFARKÚ KUTYA PÁRT,2282.0,False
BUDAPEST,Budapest XV. kerület,SZABÓ NORBERT ÁDÁM,MEGOLDÁS MOZGALOM,1131.0,False
BUDAPEST,Budapest XV. kerület,HUSZÁR CLAUDIA,NORMÁLIS ÉLET PÁRTJA,347.0,False
BUDAPEST,Budapest XV. kerület,GALLAI DÁVID,MAGYAR MUNKÁSPÁRT-IGEN SZOLIDARITÁS MAGYARORSZÁGÉRT MOZGALOM,161.0,False
BUDAPEST,Budapest XVI. kerület,VAJDA ZOLTÁN,DEMOKRATIKUS KOALÍCIÓ-JOBBIK MAGYARORSZÁGÉRT MOZGALOM-MOMENTUM MOZGALOM-MAGYAR SZOCIALISTA PÁRT-LMP - MAGYARORSZÁG ZÖLD PÁRTJA-PÁRBESZÉD MAGYARORSZÁGÉRT PÁRT,25080.0,True
BUDAPEST,Budapest XVI. kerület,SZATMÁRY KRISTÓF,FIDESZ - MAGYAR POLGÁRI SZÖVETSÉG-KERESZTÉNYDEMOKRATA NÉPPÁRT,24612.0,False
BUDAPEST,Budapest XVI. kerület,NAGYNÉ HOLLÓSI ÉVA,MI HAZÁNK MOZGALOM,1833.0,False
BUDAPEST,Budapest XVI. kerület,BOJTI BENCE,MAGYAR KÉTFARKÚ KUTYA PÁRT,1749.0,False
BUDAPEST,Budapest XVI. kerület,SCHAFFER VIKTOR,Független jelölt,666.0,False
BUDAPEST,Budapest XVI. kerület,DR. STELLI-KIS SÁNDOR,MEGOLDÁS MOZGALOM,610.0,False
BUDAPEST,Budapest XVI. kerület,DR. SZANYI TIBOR,MAGYAR MUNKÁSPÁRT-IGEN SZOLIDARITÁS MAGYARORSZÁGÉRT MOZGALOM,393.0,False
BUDAPEST,Budapest XVI. kerület,DR. ZSIDRÓ LÁSZLÓ,NORMÁLIS ÉLET PÁRTJA,229.0,False
BUDAPEST,Budapest XVII. kerület,DUNAI MÓNIKA,FIDESZ - MAGYAR POLGÁRI SZÖVETSÉG-KERESZTÉNYDEMOKRATA NÉPPÁRT,25114.0,True
BUDAPEST,Budapest XVII. kerület,SZILÁGYI GYÖRGY,DEMOKRATIKUS KOALÍCIÓ-JOBBIK MAGYARORSZÁGÉRT MOZGALOM-MOMENTUM MOZGALOM-MAGYAR SZOCIALISTA PÁRT-LMP - MAGYARORSZÁG ZÖLD PÁRTJA-PÁRBESZÉD MAGYARORSZÁGÉRT PÁRT,24733.0,False
BUDAPEST,Budapest XVII. kerület,FAZEKAS LÁSZLÓ,MI HAZÁNK MOZGALOM,2875.0,False
BUDAPEST,Budapest XVII. kerület,SZIN RICHÁRD,MAGYAR KÉTFARKÚ KUTYA PÁRT,2172.0,False
BUDAPEST,Budapest XVII. kerület,HAJMÁSI GERGELY,MEGOLDÁS MOZGALOM,875.0,False
BUDAPEST,Budapest XVII. kerület,TOMASOVSZKI LÁSZLÓ,NORMÁLIS ÉLET PÁRTJA,339.0,False
BUDAPEST,Budapest XVII. kerület,ZOLLAI ANDRÁS,MAGYAR MUNKÁSPÁRT-IGEN SZOLIDARITÁS MAGYARORSZÁGÉRT MOZGALOM,132.0,False
BUDAPEST,Budapest XVIII. kerület,KUNHALMI ÁGNES,DEMOKRATIKUS KOALÍCIÓ-JOBBIK MAGYARORSZÁGÉRT MOZGALOM-MOMENTUM MOZGALOM-MAGYAR SZOCIALISTA PÁRT-LMP - MAGYARORSZÁG ZÖLD PÁRTJA-PÁRBESZÉD MAGYARORSZÁGÉRT PÁRT,25946.0,True
BUDAPEST,Budapest XVIII. kerület,DR. LÉVAI ISTVÁN ZOLTÁN,FIDESZ - MAGYAR POLGÁRI SZÖVETSÉG-KERESZTÉNYDEMOKRATA NÉPPÁRT,25166.0,False
BUDAPEST,Budapest XVIII. kerület,ÁRVAI CSABA,MI HAZÁNK MOZGALOM,2559.0,False
BUDAPEST,Budapest XVIII. kerület,SZOKOR MÁRTON,MAGYAR KÉTFARKÚ KUTYA PÁRT,1860.0,False
BUDAPEST,Budapest XVIII. kerület,JUHÁSZ ISTVÁN,Független jelölt,1678.0,False
BUDAPEST,Budapest XVIII. kerület,TABI TÜNDE,MEGOLDÁS MOZGALOM,679.0,False
BUDAPEST,Budapest XVIII. kerület,SINKA ZOLTÁNNÉ,NORMÁLIS ÉLET PÁRTJA,291.0,False
BUDAPEST,Budapest XX. kerület,DR. HILLER ISTVÁN,DEMOKRATIKUS KOALÍCIÓ-JOBBIK MAGYARORSZÁGÉRT MOZGALOM-MOMENTUM MOZGALOM-MAGYAR SZOCIALISTA PÁRT-LMP - MAGYARORSZÁG ZÖLD PÁRTJA-PÁRBESZÉD MAGYARORSZÁGÉRT PÁRT,22856.0,True
BUDAPEST,Budapest XX. kerület,FÖLDESI GYULA,FIDESZ - MAGYAR POLGÁRI SZÖVETSÉG-KERESZTÉNYDEMOKRATA NÉPPÁRT,20880.0,False
BUDAPEST,Budapest XX. kerület,HRIVNÁK PÁL,MI HAZÁNK MOZGALOM,2410.0,False
BUDAPEST,Budapest XX. kerület,SZENTESI SZABOLCS,MAGYAR KÉTFARKÚ KUTYA PÁRT,2039.0,False
BUDAPEST,Budapest XX. kerület,HORVÁTH ELEMÉR,MEGOLDÁS MOZGALOM,629.0,False
BUDAPEST,Budapest XX. kerület,GARAI VERONIKA,NORMÁLIS ÉLET PÁRTJA,367.0,False
BUDAPEST,Budapest XX. kerület,SZÉKELY SÁNDOR,MAGYAR MUNKÁSPÁRT-IGEN SZOLIDARITÁS MAGYARORSZÁGÉRT MOZGALOM,133.0,False
BUDAPEST,Budapest XXI. kerület,DR. SZABÓ SZABOLCS,DEMOKRATIKUS KOALÍCIÓ-JOBBIK MAGYARORSZÁGÉRT MOZGALOM-MOMENTUM MOZGALOM-MAGYAR SZOCIALISTA PÁRT-LMP - MAGYARORSZÁG ZÖLD PÁRTJA-PÁRBESZÉD MAGYARORSZÁGÉRT PÁRT,24595.0,True
BUDAPEST,Budapest XXI. kerület,NÉMETH SZILÁRD ISTVÁN,FIDESZ - MAGYAR POLGÁRI SZÖVETSÉG-KERESZTÉNYDEMOKRATA NÉPPÁRT,22055.0,False
BUDAPEST,Budapest XXI. kerület,KOVÁCS ATTILA,MI HAZÁNK MOZGALOM,3035.0,False
BUDAPEST,Budapest XXI. kerület,CSIZMADIA CSEKE,MAGYAR KÉTFARKÚ KUTYA PÁRT,1787.0,False
BUDAPEST,Budapest XXI. kerület,KOLLER SÁNDOR,MEGOLDÁS MOZGALOM,905.0,False
BUDAPEST,Budapest XXI. kerület,JÁRÓ ARNOLDNÉ,NORMÁLIS ÉLET PÁRTJA,291.0,False
BUDAPEST,Budapest XXI. kerület,PÁL ÉVA,MAGYAR MUNKÁSPÁRT-IGEN SZOLIDARITÁS MAGYARORSZÁGÉRT MOZGALOM,238.0,False
BUDAPEST,Budapest XXII. kerület,TÓTH ENDRE,DEMOKRATIKUS KOALÍCIÓ-JOBBIK MAGYARORSZÁGÉRT MOZGALOM-MOMENTUM MOZGALOM-MAGYAR SZOCIALISTA PÁRT-LMP - MAGYARORSZÁG ZÖLD PÁRTJA-PÁRBESZÉD MAGYARORSZÁGÉRT PÁRT,28964.0,True
BUDAPEST,Budapest XXII. kerület,NÉMETH ZSOLT,FIDESZ - MAGYAR POLGÁRI SZÖVETSÉG-KERESZTÉNYDEMOKRATA NÉPPÁRT,25120.0,False
BUDAPEST,Budapest XXII. kerület,ESZE TAMÁS,MI HAZÁNK MOZGALOM,2531.0,False
BUDAPEST,Budapest XXII. kerület,OZSVÁT ATTILA,MAGYAR KÉTFARKÚ KUTYA PÁRT,2019.0,False
BUDAPEST,Budapest XXII. kerület,PAPP ZOLTÁN,MEGOLDÁS MOZGALOM,613.0,False
BUDAPEST,Budapest XXII. kerület,SZABÓ GÁBOR DÁNIEL,NORMÁLIS ÉLET PÁRTJA,425.0,False
BUDAPEST,Budapest XXII. kerület,SCHLENK RICHÁRD,MAGYAR MUNKÁSPÁRT-IGEN SZOLIDARITÁS MAGYARORSZÁGÉRT MOZGALOM,89.0,False
BÁCS-KISKUN,Baja,ZSIGÓ RÓBERT,FIDESZ - MAGYAR POLGÁRI SZÖVETSÉG-KERESZTÉNYDEMOKRATA NÉPPÁRT,23976.0,True
BÁCS-KISKUN,Baja,KISS LÁSZLÓ,DEMOKRATIKUS KOALÍCIÓ-JOBBIK MAGYARORSZÁGÉRT MOZGALOM-MOMENTUM MOZGALOM-MAGYAR SZOCIALISTA PÁRT-LMP - MAGYARORSZÁG ZÖLD PÁRTJA-PÁRBESZÉD MAGYARORSZÁGÉRT PÁRT,13697.0,False
BÁCS-KISKUN,Baja,ÉBERLING BALÁZS,MI HAZÁNK MOZGALOM,3017.0,False
BÁCS-KISKUN,Baja,GARAMI ARTÚR,MAGYAR KÉTFARKÚ KUTYA PÁRT,827.0,False
BÁCS-KISKUN,Baja,ALMÁSI TERÉZIA,MEGOLDÁS MOZGALOM,354.0,False
BÁCS-KISKUN,Kalocsa,FONT SÁNDOR,FIDESZ - MAGYAR POLGÁRI SZÖVETSÉG-KERESZTÉNYDEMOKRATA NÉPPÁRT,26592.0,True
BÁCS-KISKUN,Kalocsa,DR. MAGÓNÉ TÓTH GYÖNGYI MÁRIA,DEMOKRATIKUS KOALÍCIÓ-JOBBIK MAGYARORSZÁGÉRT MOZGALOM-MOMENTUM MOZGALOM-MAGYAR SZOCIALISTA PÁRT-LMP - MAGYARORSZÁG ZÖLD PÁRTJA-PÁRBESZÉD MAGYARORSZÁGÉRT PÁRT,13464.0,False
BÁCS-KISKUN,Kalocsa,SZABÓ PATRIK,MI HAZÁNK MOZGALOM,2778.0,False
BÁCS-KISKUN,Kalocsa,DR. KUDRON-TONIGOLD NÁNDOR,MEGOLDÁS MOZGALOM,1311.0,False
BÁCS-KISKUN,Kalocsa,TARA LAJOS,NORMÁLIS ÉLET PÁRTJA,395.0,False
BÁCS-KISKUN,Kecskemét 1,DR. SALACZ LÁSZLÓ,FIDESZ - MAGYAR POLGÁRI SZÖVETSÉG-KERESZTÉNYDEMOKRATA NÉPPÁRT,27420.0,True
BÁCS-KISKUN,Kecskemét 1,SZŐKÉNÉ KOPPING RITA,DEMOKRATIKUS KOALÍCIÓ-JOBBIK MAGYARORSZÁGÉRT MOZGALOM-MOMENTUM MOZGALOM-MAGYAR SZOCIALISTA PÁRT-LMP - MAGYARORSZÁG ZÖLD PÁRTJA-PÁRBESZÉD MAGYARORSZÁGÉRT PÁRT,13464.0,False
BÁCS-KISKUN,Kecskemét 1,ERŐS ERZSÉBET,MI HAZÁNK MOZGALOM,3425.0,False
BÁCS-KISKUN,Kecskemét 1,KORDIK SZABOLCS,MAGYAR KÉTFARKÚ KUTYA PÁRT,1691.0,False
BÁCS-KISKUN,Kecskemét 1,ÁBRAHÁM ATTILÁNÉ,NORMÁLIS ÉLET PÁRTJA,462.0,False
BÁCS-KISKUN,Kecskemét 2,DR. SZEBERÉNYI GYULA TAMÁS,FIDESZ - MAGYAR POLGÁRI SZÖVETSÉG-KERESZTÉNYDEMOKRATA NÉPPÁRT,26606.0,True
BÁCS-KISKUN,Kecskemét 2,BODROZSÁN ALEXANDRA,DEMOKRATIKUS KOALÍCIÓ-JOBBIK MAGYARORSZÁGÉRT MOZGALOM-MOMENTUM MOZGALOM-MAGYAR SZOCIALISTA PÁRT-LMP - MAGYARORSZÁG ZÖLD PÁRTJA-PÁRBESZÉD MAGYARORSZÁGÉRT PÁRT,17208.0,False
BÁCS-KISKUN,Kecskemét 2,FARAGÓ DÁNIEL,MI HAZÁNK MOZGALOM,3512.0,False
BÁCS-KISKUN,Kecskemét 2,KARIKÓ ÁGNES,MAGYAR KÉTFARKÚ KUTYA PÁRT,2274.0,False
BÁCS-KISKUN,Kecskemét 2,SÁNTA LÁSZLÓ,NORMÁLIS ÉLET PÁRTJA,597.0,False
BÁCS-KISKUN,Kiskunfélegyháza,LEZSÁK SÁNDOR,FIDESZ - MAGYAR POLGÁRI SZÖVETSÉG-KERESZTÉNYDEMOKRATA NÉPPÁRT,29835.0,True
BÁCS-KISKUN,Kiskunfélegyháza,KIS-SZENICZEY KÁLMÁN,DEMOKRATIKUS KOALÍCIÓ-JOBBIK MAGYARORSZÁGÉRT MOZGALOM-MOMENTUM MOZGALOM-MAGYAR SZOCIALISTA PÁRT-LMP - MAGYARORSZÁG ZÖLD PÁRTJA-PÁRBESZÉD MAGYARORSZÁGÉRT PÁRT,11727.0,False
BÁCS-KISKUN,Kiskunfélegyháza,BALDE GYULA,MI HAZÁNK MOZGALOM,3427.0,False
BÁCS-KISKUN,Kiskunfélegyháza,FARKAS BENCE,MAGYAR KÉTFARKÚ KUTYA PÁRT,1529.0,False
BÁCS-KISKUN,Kiskunfélegyháza,KONCZ DÓRA,MEGOLDÁS MOZGALOM,864.0,False
BÁCS-KISKUN,Kiskunhalas,BÁNYAI GÁBOR,FIDESZ - MAGYAR POLGÁRI SZÖVETSÉG-KERESZTÉNYDEMOKRATA NÉPPÁRT,25763.0,True
BÁCS-KISKUN,Kiskunhalas,MOLNÁR LÁSZLÓ,DEMOKRATIKUS KOALÍCIÓ-JOBBIK MAGYARORSZÁGÉRT MOZGALOM-MOMENTUM MOZGALOM-MAGYAR SZOCIALISTA PÁRT-LMP - MAGYARORSZÁG ZÖLD PÁRTJA-PÁRBESZÉD MAGYARORSZÁGÉRT PÁRT,12218.0,False
BÁCS-KISKUN,Kiskunhalas,SZABADI ISTVÁN,MI HAZÁNK MOZGALOM,4205.0,False
BÁCS-KISKUN,Kiskunhalas,FEHÉRVÁRI DÓRA,MEGOLDÁS MOZGALOM,641.0,False
BÉKÉS,Békés,DANKÓ BÉLA,FIDESZ - MAGYAR POLGÁRI SZÖVETSÉG-KERESZTÉNYDEMOKRATA NÉPPÁRT,25716.0,True
BÉKÉS,Békés,DR. KONDÉ GÁBOR,DEMOKRATIKUS KOALÍCIÓ-JOBBIK MAGYARORSZÁGÉRT MOZGALOM-MOMENTUM MOZGALOM-MAGYAR SZOCIALISTA PÁRT-LMP - MAGYARORSZÁG ZÖLD PÁRTJA-PÁRBESZÉD MAGYARORSZÁGÉRT PÁRT,13086.0,False
BÉKÉS,Békés,FÖLDESI MIHÁLY,MI HAZÁNK MOZGALOM,3873.0,False
BÉKÉS,Békés,PAPP ÁKOS,MAGYAR KÉTFARKÚ KUTYA PÁRT,1090.0,False
BÉKÉS,Békés,TAKÁCS ÁDÁM,MEGOLDÁS MOZGALOM,462.0,False
BÉKÉS,Békés,BÓDIZS ISTVÁN,NORMÁLIS ÉLET PÁRTJA,331.0,False
BÉKÉS,Békéscsaba,HERCZEG TAMÁS,FIDESZ - MAGYAR POLGÁRI SZÖVETSÉG-KERESZTÉNYDEMOKRATA NÉPPÁRT,22920.0,True
BÉKÉS,Békéscsaba,STUMMER JÁNOS,DEMOKRATIKUS KOALÍCIÓ-JOBBIK MAGYARORSZÁGÉRT MOZGALOM-MOMENTUM MOZGALOM-MAGYAR SZOCIALISTA PÁRT-LMP - MAGYARORSZÁG ZÖLD PÁRTJA-PÁRBESZÉD MAGYARORSZÁGÉRT PÁRT,19019.0,False
BÉKÉS,Békéscsaba,GYEBNÁR DÁVID,MI HAZÁNK MOZGALOM,3167.0,False
BÉKÉS,Békéscsaba,DEBRECZENI GERGŐ,MAGYAR KÉTFARKÚ KUTYA PÁRT,1142.0,False
BÉKÉS,Békéscsaba,SZEGEDI ÉVA,MEGOLDÁS MOZGALOM,436.0,False
BÉKÉS,Békéscsaba,SZEKERCZÉS ANDRÁS,NORMÁLIS ÉLET PÁRTJA,391.0,False
BÉKÉS,Békéscsaba,CSURÁR IBOLYA,Független jelölt,154.0,False
BÉKÉS,Békéscsaba,FARAGÓ ANETT,Független jelölt,113.0,False
BÉKÉS,Békéscsaba,FARAGÓ BETTI,Független jelölt,87.0,False
BÉKÉS,Békéscsaba,FARAGÓ GERGELY,Független jelölt,38.0,False
BÉKÉS,Békéscsaba,FARAGÓ LAJOS GERGELY,Független jelölt,20.0,False
BÉKÉS,Gyula,DR. KOVÁCS JÓZSEF,FIDESZ - MAGYAR POLGÁRI SZÖVETSÉG-KERESZTÉNYDEMOKRATA NÉPPÁRT,24623.0,True
BÉKÉS,Gyula,LEEL-ŐSSY GÁBOR,DEMOKRATIKUS KOALÍCIÓ-JOBBIK MAGYARORSZÁGÉRT MOZGALOM-MOMENTUM MOZGALOM-MAGYAR SZOCIALISTA PÁRT-LMP - MAGYARORSZÁG ZÖLD PÁRTJA-PÁRBESZÉD MAGYARORSZÁGÉRT PÁRT,14982.0,False
BÉKÉS,Gyula,VIDÓ ATTILA,MI HAZÁNK MOZGALOM,2784.0,False
BÉKÉS,Gyula,MOLNÁR CSANÁD,MAGYAR KÉTFARKÚ KUTYA PÁRT,828.0,False
BÉKÉS,Gyula,DR. POMUCZNÉ NAGY ILDIKÓ ANNA,MEGOLDÁS MOZGALOM,541.0,False
BÉKÉS,Gyula,BÓDIZS-DARVASI DZSENIFER,NORMÁLIS ÉLET PÁRTJA,236.0,False
BÉKÉS,Gyula,UJJ GYÖRGY IMRE,MAGYAR MUNKÁSPÁRT-IGEN SZOLIDARITÁS MAGYARORSZÁGÉRT MOZGALOM,163.0,False
BÉKÉS,Orosháza,ERDŐS NORBERT,FIDESZ - MAGYAR POLGÁRI SZÖVETSÉG-KERESZTÉNYDEMOKRATA NÉPPÁRT,22379.0,True
BÉKÉS,Orosháza,DR. SZABÓ ERVIN,DEMOKRATIKUS KOALÍCIÓ-JOBBIK MAGYARORSZÁGÉRT MOZGALOM-MOMENTUM MOZGALOM-MAGYAR SZOCIALISTA PÁRT-LMP - MAGYARORSZÁG ZÖLD PÁRTJA-PÁRBESZÉD MAGYARORSZÁGÉRT PÁRT,17821.0,False
BÉKÉS,Orosháza,SCHULTZ GÁBOR,MI HAZÁNK MOZGALOM,2631.0,False
BÉKÉS,Orosháza,BÓDAI DÁVID,MAGYAR KÉTFARKÚ KUTYA PÁRT,915.0,False
BÉKÉS,Orosháza,BOROS CSABA,Független jelölt,619.0,False
BÉKÉS,Orosháza,HAVASI GYULA,NORMÁLIS ÉLET PÁRTJA,214.0,False
BÉKÉS,Orosháza,SZABÓ GYÖRGY,MEGOLDÁS MOZGALOM,200.0,False
BÉKÉS,Orosháza,GÁL FERENC,MAGYAR MUNKÁSPÁRT-IGEN SZOLIDARITÁS MAGYARORSZÁGÉRT MOZGALOM,144.0,False
CSONGRÁD-CSANÁD,Hódmezővásárhely,LÁZÁR JÁNOS,FIDESZ - MAGYAR POLGÁRI SZÖVETSÉG-KERESZTÉNYDEMOKRATA NÉPPÁRT,28753.0,True
CSONGRÁD-CSANÁD,Hódmezővásárhely,DR. MÁRKI-ZAY PÉTER,DEMOKRATIKUS KOALÍCIÓ-JOBBIK MAGYARORSZÁGÉRT MOZGALOM-MOMENTUM MOZGALOM-MAGYAR SZOCIALISTA PÁRT-LMP - MAGYARORSZÁG ZÖLD PÁRTJA-PÁRBESZÉD MAGYARORSZÁGÉRT PÁRT,22328.0,False
CSONGRÁD-CSANÁD,Hódmezővásárhely,VERES CSABA LEVENTE,MI HAZÁNK MOZGALOM,2938.0,False
CSONGRÁD-CSANÁD,Hódmezővásárhely,KIS JÓZSEF,MAGYAR KÉTFARKÚ KUTYA PÁRT,944.0,False
CSONGRÁD-CSANÁD,Hódmezővásárhely,SZABÓ ZOLTÁN,MEGOLDÁS MOZGALOM,463.0,False
CSONGRÁD-CSANÁD,Hódmezővásárhely,KOVÁCS ISTVÁN,MAGYAR MUNKÁSPÁRT-IGEN SZOLIDARITÁS MAGYARORSZÁGÉRT MOZGALOM,119.0,False
CSONGRÁD-CSANÁD,Szeged 1,SZABÓ SÁNDOR,DEMOKRATIKUS KOALÍCIÓ-JOBBIK MAGYARORSZÁGÉRT MOZGALOM-MOMENTUM MOZGALOM-MAGYAR SZOCIALISTA PÁRT-LMP - MAGYARORSZÁG ZÖLD PÁRTJA-PÁRBESZÉD MAGYARORSZÁGÉRT PÁRT,27443.0,True
CSONGRÁD-CSANÁD,Szeged 1,BARTÓK CSABA,FIDESZ - MAGYAR POLGÁRI SZÖVETSÉG-KERESZTÉNYDEMOKRATA NÉPPÁRT,20159.0,False
CSONGRÁD-CSANÁD,Szeged 1,LÉKÓ JULIANNA,MI HAZÁNK MOZGALOM,3162.0,False
CSONGRÁD-CSANÁD,Szeged 1,NAGY FERENC,MAGYAR KÉTFARKÚ KUTYA PÁRT,2163.0,False
CSONGRÁD-CSANÁD,Szeged 1,DR. SZABÓ BÁLINT,Független jelölt,1123.0,False
CSONGRÁD-CSANÁD,Szeged 1,VESZELINOV ANNAMÁRIA,MEGOLDÁS MOZGALOM,1006.0,False
CSONGRÁD-CSANÁD,Szeged 1,BUDAI GABRIELLA ÁGNES,NORMÁLIS ÉLET PÁRTJA,376.0,False
CSONGRÁD-CSANÁD,Szeged 2,MIHÁLFFY BÉLA,FIDESZ - MAGYAR POLGÁRI SZÖVETSÉG-KERESZTÉNYDEMOKRATA NÉPPÁRT,27516.0,True
CSONGRÁD-CSANÁD,Szeged 2,MIHÁLIK EDVIN,DEMOKRATIKUS KOALÍCIÓ-JOBBIK MAGYARORSZÁGÉRT MOZGALOM-MOMENTUM MOZGALOM-MAGYAR SZOCIALISTA PÁRT-LMP - MAGYARORSZÁG ZÖLD PÁRTJA-PÁRBESZÉD MAGYARORSZÁGÉRT PÁRT,24443.0,False
CSONGRÁD-CSANÁD,Szeged 2,TOROCZKAI LÁSZLÓ,MI HAZÁNK MOZGALOM,5768.0,False
CSONGRÁD-CSANÁD,Szeged 2,TÓTH-BENEDEK CSANÁD,MAGYAR KÉTFARKÚ KUTYA PÁRT,1845.0,False
CSONGRÁD-CSANÁD,Szeged 2,GONDA BENJAMIN NORBERT,MEGOLDÁS MOZGALOM,734.0,False
CSONGRÁD-CSANÁD,Szeged 2,LÉVAINÉ DR. KOVÁCS MARIAN,NORMÁLIS ÉLET PÁRTJA,453.0,False
CSONGRÁD-CSANÁD,Szentes,FARKAS SÁNDOR,FIDESZ - MAGYAR POLGÁRI SZÖVETSÉG-KERESZTÉNYDEMOKRATA NÉPPÁRT,29582.0,True
CSONGRÁD-CSANÁD,Szentes,SZŰCS ILDIKÓ,DEMOKRATIKUS KOALÍCIÓ-JOBBIK MAGYARORSZÁGÉRT MOZGALOM-MOMENTUM MOZGALOM-MAGYAR SZOCIALISTA PÁRT-LMP - MAGYARORSZÁG ZÖLD PÁRTJA-PÁRBESZÉD MAGYARORSZÁGÉRT PÁRT,16947.0,False
CSONGRÁD-CSANÁD,Szentes,LACZKÓ ZSOLT,MI HAZÁNK MOZGALOM,5313.0,False
CSONGRÁD-CSANÁD,Szentes,KÖRÖNDI MÁTÉ,Független jelölt,1443.0,False
CSONGRÁD-CSANÁD,Szentes,ÜVEGES HAJNALKA,MEGOLDÁS MOZGALOM,755.0,False
FEJÉR,Bicske,TESSELY ZOLTÁN,FIDESZ - MAGYAR POLGÁRI SZÖVETSÉG-KERESZTÉNYDEMOKRATA NÉPPÁRT,32520.0,True
FEJÉR,Bicske,BALÁZS PÉTER,DEMOKRATIKUS KOALÍCIÓ-JOBBIK MAGYARORSZÁGÉRT MOZGALOM-MOMENTUM MOZGALOM-MAGYAR SZOCIALISTA PÁRT-LMP - MAGYARORSZÁG ZÖLD PÁRTJA-PÁRBESZÉD MAGYARORSZÁGÉRT PÁRT,18092.0,False
FEJÉR,Bicske,HEGEDÜS PÁL,MI HAZÁNK MOZGALOM,3168.0,False
FEJÉR,Bicske,MÉSZÁROS LÁSZLÓ,MAGYAR KÉTFARKÚ KUTYA PÁRT,1944.0,False
FEJÉR,Bicske,KÖNYVES TAMÁS,MEGOLDÁS MOZGALOM,854.0,False
FEJÉR,Bicske,FLÉGER ISTVÁN TAMÁS,MAGYAR MUNKÁSPÁRT-IGEN SZOLIDARITÁS MAGYARORSZÁGÉRT MOZGALOM,137.0,False
FEJÉR,Dunaújváros,DR. MÉSZÁROS LAJOS,FIDESZ - MAGYAR POLGÁRI SZÖVETSÉG-KERESZTÉNYDEMOKRATA NÉPPÁRT,20562.0,True
FEJÉR,Dunaújváros,KÁLLÓ GERGELY,DEMOKRATIKUS KOALÍCIÓ-JOBBIK MAGYARORSZÁGÉRT MOZGALOM-MOMENTUM MOZGALOM-MAGYAR SZOCIALISTA PÁRT-LMP - MAGYARORSZÁG ZÖLD PÁRTJA-PÁRBESZÉD MAGYARORSZÁGÉRT PÁRT,19509.0,False
FEJÉR,Dunaújváros,BADÓ PÉTER,MI HAZÁNK MOZGALOM,2219.0,False
FEJÉR,Dunaújváros,POZSGAI ANITA,MAGYAR KÉTFARKÚ KUTYA PÁRT,1194.0,False
FEJÉR,Dunaújváros,HERMANN HENRIK,MEGOLDÁS MOZGALOM,669.0,False
FEJÉR,Dunaújváros,KOHL JÁNOS,NORMÁLIS ÉLET PÁRTJA,286.0,False
FEJÉR,Dunaújváros,FEHÉRVÁRI ZSOLT ISTVÁN,MAGYAR MUNKÁSPÁRT-IGEN SZOLIDARITÁS MAGYARORSZÁGÉRT MOZGALOM,97.0,False
FEJÉR,Székesfehérvár 1,VARGHA TAMÁS,FIDESZ - MAGYAR POLGÁRI SZÖVETSÉG-KERESZTÉNYDEMOKRATA NÉPPÁRT,21546.0,True
FEJÉR,Székesfehérvár 1,DR. MÁRTON ROLAND,DEMOKRATIKUS KOALÍCIÓ-JOBBIK MAGYARORSZÁGÉRT MOZGALOM-MOMENTUM MOZGALOM-MAGYAR SZOCIALISTA PÁRT-LMP - MAGYARORSZÁG ZÖLD PÁRTJA-PÁRBESZÉD MAGYARORSZÁGÉRT PÁRT,18994.0,False
FEJÉR,Székesfehérvár 1,VÉGH ANNAMÁRIA,MI HAZÁNK MOZGALOM,2337.0,False
FEJÉR,Székesfehérvár 1,FENEKES ROLAND,MAGYAR KÉTFARKÚ KUTYA PÁRT,1637.0,False
FEJÉR,Székesfehérvár 1,BALOGH BENEDEK,MEGOLDÁS MOZGALOM,591.0,False
FEJÉR,Székesfehérvár 1,GÖDE IMRE,NORMÁLIS ÉLET PÁRTJA,319.0,False
FEJÉR,Székesfehérvár 2,TÖRŐ GÁBOR,FIDESZ - MAGYAR POLGÁRI SZÖVETSÉG-KERESZTÉNYDEMOKRATA NÉPPÁRT,28380.0,True
FEJÉR,Székesfehérvár 2,FAZAKAS ATTILA,DEMOKRATIKUS KOALÍCIÓ-JOBBIK MAGYARORSZÁGÉRT MOZGALOM-MOMENTUM MOZGALOM-MAGYAR SZOCIALISTA PÁRT-LMP - MAGYARORSZÁG ZÖLD PÁRTJA-PÁRBESZÉD MAGYARORSZÁGÉRT PÁRT,15219.0,False
FEJÉR,Székesfehérvár 2,SCHMIDT ROLAND,MI HAZÁNK MOZGALOM,4153.0,False
FEJÉR,Székesfehérvár 2,DR. VARGA ESZTER,MAGYAR KÉTFARKÚ KUTYA PÁRT,1860.0,False
FEJÉR,Székesfehérvár 2,FOGARASI MÁRTA,NORMÁLIS ÉLET PÁRTJA,489.0,False
FEJÉR,Székesfehérvár 2,HUSZTI MÁRIA ROZÁLIA,MEGOLDÁS MOZGALOM,449.0,False
FEJÉR,Székesfehérvár 2,VERES PÉTER,MAGYAR MUNKÁSPÁRT-IGEN SZOLIDARITÁS MAGYARORSZÁGÉRT MOZGALOM,116.0,False
FEJÉR,Sárbogárd,VARGA GÁBOR,FIDESZ - MAGYAR POLGÁRI SZÖVETSÉG-KERESZTÉNYDEMOKRATA NÉPPÁRT,27629.0,True
FEJÉR,Sárbogárd,KERTÉSZ ÉVA,DEMOKRATIKUS KOALÍCIÓ-JOBBIK MAGYARORSZÁGÉRT MOZGALOM-MOMENTUM MOZGALOM-MAGYAR SZOCIALISTA PÁRT-LMP - MAGYARORSZÁG ZÖLD PÁRTJA-PÁRBESZÉD MAGYARORSZÁGÉRT PÁRT,10441.0,False
FEJÉR,Sárbogárd,GIEBER LAJOS,MI HAZÁNK MOZGALOM,3019.0,False
FEJÉR,Sárbogárd,SPALA GÁBOR,MAGYAR KÉTFARKÚ KUTYA PÁRT,969.0,False
FEJÉR,Sárbogárd,DR. KOVÁCS JÁNOS FERENC,NORMÁLIS ÉLET PÁRTJA,457.0,False
FEJÉR,Sárbogárd,LAKATOS KRISZTIÁN,MEGOLDÁS MOZGALOM,289.0,False
GYŐR-MOSON-SOPRON,Csorna,GYOPÁROS ALPÁR,FIDESZ - MAGYAR POLGÁRI SZÖVETSÉG-KERESZTÉNYDEMOKRATA NÉPPÁRT,35119.0,True
GYŐR-MOSON-SOPRON,Csorna,KOVÁCSNÉ VARGA ILDIKÓ,DEMOKRATIKUS KOALÍCIÓ-JOBBIK MAGYARORSZÁGÉRT MOZGALOM-MOMENTUM MOZGALOM-MAGYAR SZOCIALISTA PÁRT-LMP - MAGYARORSZÁG ZÖLD PÁRTJA-PÁRBESZÉD MAGYARORSZÁGÉRT PÁRT,10592.0,False
GYŐR-MOSON-SOPRON,Csorna,FERENCZ GERGŐ,MI HAZÁNK MOZGALOM,2795.0,False
GYŐR-MOSON-SOPRON,Csorna,PÉRCSI DONÁT TAMÁS,MEGOLDÁS MOZGALOM,650.0,False
GYŐR-MOSON-SOPRON,Csorna,SZABADAI VIKTOR,MAGYAR LIBERÁLIS PÁRT - LIBERÁLISOK,152.0,False
GYŐR-MOSON-SOPRON,Győr 1,SIMON RÓBERT BALÁZS,FIDESZ - MAGYAR POLGÁRI SZÖVETSÉG-KERESZTÉNYDEMOKRATA NÉPPÁRT,24182.0,True
GYŐR-MOSON-SOPRON,Győr 1,JANCSÓ ZITA,DEMOKRATIKUS KOALÍCIÓ-JOBBIK MAGYARORSZÁGÉRT MOZGALOM-MOMENTUM MOZGALOM-MAGYAR SZOCIALISTA PÁRT-LMP - MAGYARORSZÁG ZÖLD PÁRTJA-PÁRBESZÉD MAGYARORSZÁGÉRT PÁRT,18356.0,False
GYŐR-MOSON-SOPRON,Győr 1,BÁLINT CSABA,MI HAZÁNK MOZGALOM,2631.0,False
GYŐR-MOSON-SOPRON,Győr 1,KOVÁCS BALÁZS,MAGYAR KÉTFARKÚ KUTYA PÁRT,1692.0,False
GYŐR-MOSON-SOPRON,Győr 1,DR. SZILÁGYI NORBERT,MEGOLDÁS MOZGALOM,1079.0,False
GYŐR-MOSON-SOPRON,Győr 2,KARA ÁKOS,FIDESZ - MAGYAR POLGÁRI SZÖVETSÉG-KERESZTÉNYDEMOKRATA NÉPPÁRT,31661.0,True
GYŐR-MOSON-SOPRON,Győr 2,DR. GASZTONYI LÁSZLÓ,DEMOKRATIKUS KOALÍCIÓ-JOBBIK MAGYARORSZÁGÉRT MOZGALOM-MOMENTUM MOZGALOM-MAGYAR SZOCIALISTA PÁRT-LMP - MAGYARORSZÁG ZÖLD PÁRTJA-PÁRBESZÉD MAGYARORSZÁGÉRT PÁRT,16517.0,False
GYŐR-MOSON-SOPRON,Győr 2,SZABÓ RÓBERT,MI HAZÁNK MOZGALOM,3214.0,False
GYŐR-MOSON-SOPRON,Győr 2,SZEMES NORBERT,MEGOLDÁS MOZGALOM,861.0,False
GYŐR-MOSON-SOPRON,Győr 2,SZÖLLŐSI SÁNDOR,NORMÁLIS ÉLET PÁRTJA,402.0,False
GYŐR-MOSON-SOPRON,Mosonmagyaróvár,DR. NAGY ISTVÁN,FIDESZ - MAGYAR POLGÁRI SZÖVETSÉG-KERESZTÉNYDEMOKRATA NÉPPÁRT,32549.0,True
GYŐR-MOSON-SOPRON,Mosonmagyaróvár,MAGYAR ZOLTÁN,DEMOKRATIKUS KOALÍCIÓ-JOBBIK MAGYARORSZÁGÉRT MOZGALOM-MOMENTUM MOZGALOM-MAGYAR SZOCIALISTA PÁRT-LMP - MAGYARORSZÁG ZÖLD PÁRTJA-PÁRBESZÉD MAGYARORSZÁGÉRT PÁRT,16746.0,False
GYŐR-MOSON-SOPRON,Mosonmagyaróvár,TAKÁCS MIKLÓS FERENC,MI HAZÁNK MOZGALOM,2807.0,False
GYŐR-MOSON-SOPRON,Mosonmagyaróvár,FÖLDESI ANDRÁS,MAGYAR KÉTFARKÚ KUTYA PÁRT,1663.0,False
GYŐR-MOSON-SOPRON,Mosonmagyaróvár,MÁCSIK JÁNOS,MEGOLDÁS MOZGALOM,729.0,False
GYŐR-MOSON-SOPRON,Mosonmagyaróvár,VARGA RENÁTA,NORMÁLIS ÉLET PÁRTJA,463.0,False
GYŐR-MOSON-SOPRON,Sopron,BARCZA ATTILA,FIDESZ - MAGYAR POLGÁRI SZÖVETSÉG-KERESZTÉNYDEMOKRATA NÉPPÁRT,32394.0,True
GYŐR-MOSON-SOPRON,Sopron,DR. BRENNER KOLOMAN,DEMOKRATIKUS KOALÍCIÓ-JOBBIK MAGYARORSZÁGÉRT MOZGALOM-MOMENTUM MOZGALOM-MAGYAR SZOCIALISTA PÁRT-LMP - MAGYARORSZÁG ZÖLD PÁRTJA-PÁRBESZÉD MAGYARORSZÁGÉRT PÁRT,18786.0,False
GYŐR-MOSON-SOPRON,Sopron,HORVÁTH GÁBOR,MI HAZÁNK MOZGALOM,4112.0,False
GYŐR-MOSON-SOPRON,Sopron,SALA ZOLTÁN,MEGOLDÁS MOZGALOM,1190.0,False
HAJDÚ-BIHAR,Berettyóújfalu,DR. VITÁNYI ISTVÁN,FIDESZ - MAGYAR POLGÁRI SZÖVETSÉG-KERESZTÉNYDEMOKRATA NÉPPÁRT,25407.0,True
HAJDÚ-BIHAR,Berettyóújfalu,SZÁNTAI LÁSZLÓ,DEMOKRATIKUS KOALÍCIÓ-JOBBIK MAGYARORSZÁGÉRT MOZGALOM-MOMENTUM MOZGALOM-MAGYAR SZOCIALISTA PÁRT-LMP - MAGYARORSZÁG ZÖLD PÁRTJA-PÁRBESZÉD MAGYARORSZÁGÉRT PÁRT,9483.0,False
HAJDÚ-BIHAR,Berettyóújfalu,MEZEI JÓZSEF,Független jelölt,3399.0,False
HAJDÚ-BIHAR,Berettyóújfalu,SOMI LAJOS,MI HAZÁNK MOZGALOM,2270.0,False
HAJDÚ-BIHAR,Berettyóújfalu,ZELENÁK ANDRÁS,MEGOLDÁS MOZGALOM,283.0,False
HAJDÚ-BIHAR,Berettyóújfalu,FARKAS ANTAL,NORMÁLIS ÉLET PÁRTJA,272.0,False
HAJDÚ-BIHAR,Berettyóújfalu,KÓTI LÁSZLÓ,MAGYAR MUNKÁSPÁRT-IGEN SZOLIDARITÁS MAGYARORSZÁGÉRT MOZGALOM,92.0,False
HAJDÚ-BIHAR,Debrecen 1,KÓSA LAJOS,FIDESZ - MAGYAR POLGÁRI SZÖVETSÉG-KERESZTÉNYDEMOKRATA NÉPPÁRT,23385.0,True
HAJDÚ-BIHAR,Debrecen 1,VARGA ZOLTÁN,DEMOKRATIKUS KOALÍCIÓ-JOBBIK MAGYARORSZÁGÉRT MOZGALOM-MOMENTUM MOZGALOM-MAGYAR SZOCIALISTA PÁRT-LMP - MAGYARORSZÁG ZÖLD PÁRTJA-PÁRBESZÉD MAGYARORSZÁGÉRT PÁRT,18994.0,False
HAJDÚ-BIHAR,Debrecen 1,SALÁNKINÉ KUTI ZSUZSANNA,MI HAZÁNK MOZGALOM,2912.0,False
HAJDÚ-BIHAR,Debrecen 1,PETŐ CSABA,MAGYAR KÉTFARKÚ KUTYA PÁRT,1681.0,False
HAJDÚ-BIHAR,Debrecen 1,HERMANN ZOLTÁN,MEGOLDÁS MOZGALOM,678.0,False
HAJDÚ-BIHAR,Debrecen 1,NAGYNÉ NÉMETH MARIETTA,MAGYAR MUNKÁSPÁRT-IGEN SZOLIDARITÁS MAGYARORSZÁGÉRT MOZGALOM,128.0,False
HAJDÚ-BIHAR,Debrecen 2,DR. PÓSÁN LÁSZLÓ,FIDESZ - MAGYAR POLGÁRI SZÖVETSÉG-KERESZTÉNYDEMOKRATA NÉPPÁRT,27111.0,True
HAJDÚ-BIHAR,Debrecen 2,MÁNDI LÁSZLÓ,DEMOKRATIKUS KOALÍCIÓ-JOBBIK MAGYARORSZÁGÉRT MOZGALOM-MOMENTUM MOZGALOM-MAGYAR SZOCIALISTA PÁRT-LMP - MAGYARORSZÁG ZÖLD PÁRTJA-PÁRBESZÉD MAGYARORSZÁGÉRT PÁRT,19560.0,False
HAJDÚ-BIHAR,Debrecen 2,MORÁN-MIHUCZA SZILVIA,NORMÁLIS ÉLET PÁRTJA,1498.0,False
HAJDÚ-BIHAR,Debrecen 2,HUSZTI ANDREA,MAGYAR MUNKÁSPÁRT-IGEN SZOLIDARITÁS MAGYARORSZÁGÉRT MOZGALOM,579.0,False
HAJDÚ-BIHAR,Debrecen 3,TASÓ LÁSZLÓ,FIDESZ - MAGYAR POLGÁRI SZÖVETSÉG-KERESZTÉNYDEMOKRATA NÉPPÁRT,31266.0,True
HAJDÚ-BIHAR,Debrecen 3,SALAMON GERGŐ,DEMOKRATIKUS KOALÍCIÓ-JOBBIK MAGYARORSZÁGÉRT MOZGALOM-MOMENTUM MOZGALOM-MAGYAR SZOCIALISTA PÁRT-LMP - MAGYARORSZÁG ZÖLD PÁRTJA-PÁRBESZÉD MAGYARORSZÁGÉRT PÁRT,13627.0,False
HAJDÚ-BIHAR,Debrecen 3,HUNYADI MÁTÉ,MI HAZÁNK MOZGALOM,3075.0,False
HAJDÚ-BIHAR,Debrecen 3,HORNYÁK ATTILA,MEGOLDÁS MOZGALOM,602.0,False
HAJDÚ-BIHAR,Debrecen 3,DOBRÁNSZKI LÁSZLÓ,NORMÁLIS ÉLET PÁRTJA,358.0,False
HAJDÚ-BIHAR,Debrecen 3,RÓZSÁS VIOLA JULIANNA,MAGYAR SZEGÉNYEK ÉS DOLGOZÓK DEMOKRATIKUS SZERVEZETE,177.0,False
HAJDÚ-BIHAR,Debrecen 3,KÁPOSZNYÁK ISTVÁN,MAGYAR MUNKÁSPÁRT-IGEN SZOLIDARITÁS MAGYARORSZÁGÉRT MOZGALOM,128.0,False
HAJDÚ-BIHAR,Hajdúböszörmény,DR. TIBA ISTVÁN,FIDESZ - MAGYAR POLGÁRI SZÖVETSÉG-KERESZTÉNYDEMOKRATA NÉPPÁRT,26062.0,True
HAJDÚ-BIHAR,Hajdúböszörmény,HEGEDÜS PÉTER,DEMOKRATIKUS KOALÍCIÓ-JOBBIK MAGYARORSZÁGÉRT MOZGALOM-MOMENTUM MOZGALOM-MAGYAR SZOCIALISTA PÁRT-LMP - MAGYARORSZÁG ZÖLD PÁRTJA-PÁRBESZÉD MAGYARORSZÁGÉRT PÁRT,13929.0,False
HAJDÚ-BIHAR,Hajdúböszörmény,NAGY ZOLTÁN,MI HAZÁNK MOZGALOM,3504.0,False
HAJDÚ-BIHAR,Hajdúböszörmény,ANDORKÓ LÁSZLÓ,MEGOLDÁS MOZGALOM,641.0,False
HAJDÚ-BIHAR,Hajdúböszörmény,VARGÁNÉ FÜLÖP ERZSÉBET,NORMÁLIS ÉLET PÁRTJA,468.0,False
HAJDÚ-BIHAR,Hajdúböszörmény,DOBÁNY LÁSZLÓ,MAGYAR MUNKÁSPÁRT-IGEN SZOLIDARITÁS MAGYARORSZÁGÉRT MOZGALOM,187.0,False
HAJDÚ-BIHAR,Hajdúszoboszló,BODÓ SÁNDOR,FIDESZ - MAGYAR POLGÁRI SZÖVETSÉG-KERESZTÉNYDEMOKRATA NÉPPÁRT,26982.0,True
HAJDÚ-BIHAR,Hajdúszoboszló,KISS LÁSZLÓ,DEMOKRATIKUS KOALÍCIÓ-JOBBIK MAGYARORSZÁGÉRT MOZGALOM-MOMENTUM MOZGALOM-MAGYAR SZOCIALISTA PÁRT-LMP - MAGYARORSZÁG ZÖLD PÁRTJA-PÁRBESZÉD MAGYARORSZÁGÉRT PÁRT,13529.0,False
HAJDÚ-BIHAR,Hajdúszoboszló,DR. TÓTH SÁNDOR,MI HAZÁNK MOZGALOM,3159.0,False
HAJDÚ-BIHAR,Hajdúszoboszló,TÓTH FERENCZ,MEGOLDÁS MOZGALOM,410.0,False
HAJDÚ-BIHAR,Hajdúszoboszló,CZIFRA LEVENTE ISTVÁN,NORMÁLIS ÉLET PÁRTJA,332.0,False
HAJDÚ-BIHAR,Hajdúszoboszló,SIPOS SÁNDOR,MAGYAR MUNKÁSPÁRT-IGEN SZOLIDARITÁS MAGYARORSZÁGÉRT MOZGALOM,102.0,False
HEVES,Eger,DR. PAJTÓK GÁBOR,FIDESZ - MAGYAR POLGÁRI SZÖVETSÉG-KERESZTÉNYDEMOKRATA NÉPPÁRT,29703.0,True
HEVES,Eger,BERECZ MÁTYÁS,DEMOKRATIKUS KOALÍCIÓ-JOBBIK MAGYARORSZÁGÉRT MOZGALOM-MOMENTUM MOZGALOM-MAGYAR SZOCIALISTA PÁRT-LMP - MAGYARORSZÁG ZÖLD PÁRTJA-PÁRBESZÉD MAGYARORSZÁGÉRT PÁRT,20772.0,False
HEVES,Eger,DR. PÁPAI ÁKOS,MI HAZÁNK MOZGALOM,3945.0,False
HEVES,Eger,VASS VERONIKA,MAGYAR KÉTFARKÚ KUTYA PÁRT,1400.0,False
HEVES,Eger,KACSÓ SÁNDOR BÉLA,MEGOLDÁS MOZGALOM,634.0,False
HEVES,Eger,NAGY ÁGNES,NORMÁLIS ÉLET PÁRTJA,454.0,False
HEVES,Gyöngyös,HORVÁTH LÁSZLÓ,FIDESZ - MAGYAR POLGÁRI SZÖVETSÉG-KERESZTÉNYDEMOKRATA NÉPPÁRT,28878.0,True
HEVES,Gyöngyös,DUDÁS RÓBERT,DEMOKRATIKUS KOALÍCIÓ-JOBBIK MAGYARORSZÁGÉRT MOZGALOM-MOMENTUM MOZGALOM-MAGYAR SZOCIALISTA PÁRT-LMP - MAGYARORSZÁG ZÖLD PÁRTJA-PÁRBESZÉD MAGYARORSZÁGÉRT PÁRT,19148.0,False
HEVES,Gyöngyös,HAJDARA ROLAND,MI HAZÁNK MOZGALOM,3141.0,False
HEVES,Gyöngyös,ÉRSEK ZSOLT,Független jelölt,915.0,False
HEVES,Gyöngyös,BARNA RICHÁRD,MEGOLDÁS MOZGALOM,505.0,False
HEVES,Hatvan,SZABÓ ZSOLT,FIDESZ - MAGYAR POLGÁRI SZÖVETSÉG-KERESZTÉNYDEMOKRATA NÉPPÁRT,30863.0,True
HEVES,Hatvan,KORÓZS LAJOS,DEMOKRATIKUS KOALÍCIÓ-JOBBIK MAGYARORSZÁGÉRT MOZGALOM-MOMENTUM MOZGALOM-MAGYAR SZOCIALISTA PÁRT-LMP - MAGYARORSZÁG ZÖLD PÁRTJA-PÁRBESZÉD MAGYARORSZÁGÉRT PÁRT,15450.0,False
HEVES,Hatvan,GONDA ÁDÁM,MI HAZÁNK MOZGALOM,4746.0,False
HEVES,Hatvan,ANTAL GERGŐ,MEGOLDÁS MOZGALOM,952.0,False
HEVES,Hatvan,KOVÁCS ISTVÁNNÉ,MAGYAR MUNKÁSPÁRT-IGEN SZOLIDARITÁS MAGYARORSZÁGÉRT MOZGALOM,248.0,False
JÁSZ-NAGYKUN-SZOLNOK,Jászberény,PÓCS JÁNOS,FIDESZ - MAGYAR POLGÁRI SZÖVETSÉG-KERESZTÉNYDEMOKRATA NÉPPÁRT,28215.0,True
JÁSZ-NAGYKUN-SZOLNOK,Jászberény,DR. KERTÉSZ OTTÓ,DEMOKRATIKUS KOALÍCIÓ-JOBBIK MAGYARORSZÁGÉRT MOZGALOM-MOMENTUM MOZGALOM-MAGYAR SZOCIALISTA PÁRT-LMP - MAGYARORSZÁG ZÖLD PÁRTJA-PÁRBESZÉD MAGYARORSZÁGÉRT PÁRT,15915.0,False
JÁSZ-NAGYKUN-SZOLNOK,Jászberény,DOBRÁN GYULA,MI HAZÁNK MOZGALOM,2116.0,False
JÁSZ-NAGYKUN-SZOLNOK,Jászberény,OSZVALD NÁNDOR,MEGOLDÁS MOZGALOM,551.0,False
JÁSZ-NAGYKUN-SZOLNOK,Jászberény,MAGDA GYÖRGY,NORMÁLIS ÉLET PÁRTJA,265.0,False
JÁSZ-NAGYKUN-SZOLNOK,Jászberény,BALOGH IMRÉNÉ,MAGYAR MUNKÁSPÁRT-IGEN SZOLIDARITÁS MAGYARORSZÁGÉRT MOZGALOM,111.0,False
JÁSZ-NAGYKUN-SZOLNOK,Karcag,F. KOVÁCS SÁNDOR,FIDESZ - MAGYAR POLGÁRI SZÖVETSÉG-KERESZTÉNYDEMOKRATA NÉPPÁRT,29923.0,True
JÁSZ-NAGYKUN-SZOLNOK,Karcag,DR. LUKÁCS LÁSZLÓ GYÖRGY,DEMOKRATIKUS KOALÍCIÓ-JOBBIK MAGYARORSZÁGÉRT MOZGALOM-MOMENTUM MOZGALOM-MAGYAR SZOCIALISTA PÁRT-LMP - MAGYARORSZÁG ZÖLD PÁRTJA-PÁRBESZÉD MAGYARORSZÁGÉRT PÁRT,13614.0,False
JÁSZ-NAGYKUN-SZOLNOK,Karcag,SOMLAY RÓBERT,MI HAZÁNK MOZGALOM,2426.0,False
JÁSZ-NAGYKUN-SZOLNOK,Karcag,HALMI BÁLINT FERENC,MEGOLDÁS MOZGALOM,468.0,False
JÁSZ-NAGYKUN-SZOLNOK,Karcag,NAGY JÓZSEF,MAGYAR MUNKÁSPÁRT-IGEN SZOLIDARITÁS MAGYARORSZÁGÉRT MOZGALOM,221.0,False
JÁSZ-NAGYKUN-SZOLNOK,Szolnok,DR. KÁLLAI MÁRIA,FIDESZ - MAGYAR POLGÁRI SZÖVETSÉG-KERESZTÉNYDEMOKRATA NÉPPÁRT,24972.0,True
JÁSZ-NAGYKUN-SZOLNOK,Szolnok,SZIRÁKI PÁL,DEMOKRATIKUS KOALÍCIÓ-JOBBIK MAGYARORSZÁGÉRT MOZGALOM-MOMENTUM MOZGALOM-MAGYAR SZOCIALISTA PÁRT-LMP - MAGYARORSZÁG ZÖLD PÁRTJA-PÁRBESZÉD MAGYARORSZÁGÉRT PÁRT,20864.0,False
JÁSZ-NAGYKUN-SZOLNOK,Szolnok,VINCZE BÉLA,MI HAZÁNK MOZGALOM,3921.0,False
JÁSZ-NAGYKUN-SZOLNOK,Szolnok,VICZÁN PÉTER,MAGYAR KÉTFARKÚ KUTYA PÁRT,1545.0,False
JÁSZ-NAGYKUN-SZOLNOK,Szolnok,KORPAI ERIKA,MEGOLDÁS MOZGALOM,650.0,False
JÁSZ-NAGYKUN-SZOLNOK,Szolnok,DR. CSIKÓS ATTILA,POLGÁRI VÁLASZ MOZGALOM,521.0,False
JÁSZ-NAGYKUN-SZOLNOK,Szolnok,VARGA MÓNIKA,NORMÁLIS ÉLET PÁRTJA,460.0,False
JÁSZ-NAGYKUN-SZOLNOK,Szolnok,NÉMETH ATTILA,MAGYAR MUNKÁSPÁRT-IGEN SZOLIDARITÁS MAGYARORSZÁGÉRT MOZGALOM,296.0,False
JÁSZ-NAGYKUN-SZOLNOK,Törökszentmiklós,HERCZEG ZSOLT,FIDESZ - MAGYAR POLGÁRI SZÖVETSÉG-KERESZTÉNYDEMOKRATA NÉPPÁRT,23667.0,True
JÁSZ-NAGYKUN-SZOLNOK,Törökszentmiklós,CSÁNYI TAMÁS,DEMOKRATIKUS KOALÍCIÓ-JOBBIK MAGYARORSZÁGÉRT MOZGALOM-MOMENTUM MOZGALOM-MAGYAR SZOCIALISTA PÁRT-LMP - MAGYARORSZÁG ZÖLD PÁRTJA-PÁRBESZÉD MAGYARORSZÁGÉRT PÁRT,17047.0,False
JÁSZ-NAGYKUN-SZOLNOK,Törökszentmiklós,SZABÓ BETTINA,MI HAZÁNK MOZGALOM,3756.0,False
JÁSZ-NAGYKUN-SZOLNOK,Törökszentmiklós,FARKAS ATTILA,MAGYAR KÉTFARKÚ KUTYA PÁRT,936.0,False
JÁSZ-NAGYKUN-SZOLNOK,Törökszentmiklós,SZEGÉNY JÁNOS,NORMÁLIS ÉLET PÁRTJA,399.0,False
JÁSZ-NAGYKUN-SZOLNOK,Törökszentmiklós,BENCSIK MIHÁLY,MAGYAR MUNKÁSPÁRT-IGEN SZOLIDARITÁS MAGYARORSZÁGÉRT MOZGALOM,148.0,False
KOMÁROM-ESZTERGOM,Esztergom,ERŐS GÁBOR,FIDESZ - MAGYAR POLGÁRI SZÖVETSÉG-KERESZTÉNYDEMOKRATA NÉPPÁRT,27795.0,True
KOMÁROM-ESZTERGOM,Esztergom,NUNKOVICS TIBOR,DEMOKRATIKUS KOALÍCIÓ-JOBBIK MAGYARORSZÁGÉRT MOZGALOM-MOMENTUM MOZGALOM-MAGYAR SZOCIALISTA PÁRT-LMP - MAGYARORSZÁG ZÖLD PÁRTJA-PÁRBESZÉD MAGYARORSZÁGÉRT PÁRT,21587.0,False
KOMÁROM-ESZTERGOM,Esztergom,LANTOS JÁNOS,MI HAZÁNK MOZGALOM,3047.0,False
KOMÁROM-ESZTERGOM,Esztergom,STIPITS ZOLTÁN,MAGYAR KÉTFARKÚ KUTYA PÁRT,1463.0,False
KOMÁROM-ESZTERGOM,Esztergom,DEÁK FERENC,Független jelölt,983.0,False
KOMÁROM-ESZTERGOM,Esztergom,GREINER TAMÁS,NORMÁLIS ÉLET PÁRTJA,765.0,False
KOMÁROM-ESZTERGOM,Komárom,CZUNYINÉ DR. BERTALAN JUDIT,FIDESZ - MAGYAR POLGÁRI SZÖVETSÉG-KERESZTÉNYDEMOKRATA NÉPPÁRT,30965.0,True
KOMÁROM-ESZTERGOM,Komárom,DR. NEMES ANDREA,DEMOKRATIKUS KOALÍCIÓ-JOBBIK MAGYARORSZÁGÉRT MOZGALOM-MOMENTUM MOZGALOM-MAGYAR SZOCIALISTA PÁRT-LMP - MAGYARORSZÁG ZÖLD PÁRTJA-PÁRBESZÉD MAGYARORSZÁGÉRT PÁRT,18605.0,False
KOMÁROM-ESZTERGOM,Komárom,ÁBRAHÁM BARNABÁS,MI HAZÁNK MOZGALOM,3728.0,False
KOMÁROM-ESZTERGOM,Komárom,GOMBOS MÁTÉ,MAGYAR KÉTFARKÚ KUTYA PÁRT,1479.0,False
KOMÁROM-ESZTERGOM,Komárom,FÜZI GÁBOR,MEGOLDÁS MOZGALOM,1000.0,False
KOMÁROM-ESZTERGOM,Komárom,MATUS FERENC,NORMÁLIS ÉLET PÁRTJA,422.0,False
KOMÁROM-ESZTERGOM,Tatabánya,BENCSIK JÁNOS,FIDESZ - MAGYAR POLGÁRI SZÖVETSÉG-KERESZTÉNYDEMOKRATA NÉPPÁRT,26240.0,True
KOMÁROM-ESZTERGOM,Tatabánya,DR. KONCZER ERIK,DEMOKRATIKUS KOALÍCIÓ-JOBBIK MAGYARORSZÁGÉRT MOZGALOM-MOMENTUM MOZGALOM-MAGYAR SZOCIALISTA PÁRT-LMP - MAGYARORSZÁG ZÖLD PÁRTJA-PÁRBESZÉD MAGYARORSZÁGÉRT PÁRT,22417.0,False
KOMÁROM-ESZTERGOM,Tatabánya,BODA BÁNK,MI HAZÁNK MOZGALOM,2856.0,False
KOMÁROM-ESZTERGOM,Tatabánya,BÖRZSEI DÁVID,MAGYAR KÉTFARKÚ KUTYA PÁRT,1429.0,False
KOMÁROM-ESZTERGOM,Tatabánya,DR. POPOVICS JUDIT,MEGOLDÁS MOZGALOM,891.0,False
KOMÁROM-ESZTERGOM,Tatabánya,KEINDL TIBOR,NORMÁLIS ÉLET PÁRTJA,372.0,False
KOMÁROM-ESZTERGOM,Tatabánya,JÁNOKI TIBOR,MAGYAR MUNKÁSPÁRT-IGEN SZOLIDARITÁS MAGYARORSZÁGÉRT MOZGALOM,252.0,False
NÓGRÁD,Balassagyarmat,BALLA MIHÁLY,FIDESZ - MAGYAR POLGÁRI SZÖVETSÉG-KERESZTÉNYDEMOKRATA NÉPPÁRT,31921.0,True
NÓGRÁD,Balassagyarmat,GYENES SZILÁRD,DEMOKRATIKUS KOALÍCIÓ-JOBBIK MAGYARORSZÁGÉRT MOZGALOM-MOMENTUM MOZGALOM-MAGYAR SZOCIALISTA PÁRT-LMP - MAGYARORSZÁG ZÖLD PÁRTJA-PÁRBESZÉD MAGYARORSZÁGÉRT PÁRT,12722.0,False
NÓGRÁD,Balassagyarmat,DÓCS DÁVID,MI HAZÁNK MOZGALOM,6315.0,False
NÓGRÁD,Balassagyarmat,MÁRTON RENÁTA,MAGYAR KÉTFARKÚ KUTYA PÁRT,1097.0,False
NÓGRÁD,Balassagyarmat,SOPOTNIK LÁSZLÓ,MEGOLDÁS MOZGALOM,471.0,False
NÓGRÁD,Balassagyarmat,DR. FRANKFURTER ZSUZSANNA,MAGYAR MUNKÁSPÁRT-IGEN SZOLIDARITÁS MAGYARORSZÁGÉRT MOZGALOM,339.0,False
NÓGRÁD,Balassagyarmat,DOMOKOS ZOLTÁN,NORMÁLIS ÉLET PÁRTJA,265.0,False
NÓGRÁD,Salgótarján,BECSÓ ZSOLT,FIDESZ - MAGYAR POLGÁRI SZÖVETSÉG-KERESZTÉNYDEMOKRATA NÉPPÁRT,26023.0,True
NÓGRÁD,Salgótarján,GODÓ BEATRIX,DEMOKRATIKUS KOALÍCIÓ-JOBBIK MAGYARORSZÁGÉRT MOZGALOM-MOMENTUM MOZGALOM-MAGYAR SZOCIALISTA PÁRT-LMP - MAGYARORSZÁG ZÖLD PÁRTJA-PÁRBESZÉD MAGYARORSZÁGÉRT PÁRT,17467.0,False
NÓGRÁD,Salgótarján,DR. MUSZTÁCS LÁSZLÓ,MI HAZÁNK MOZGALOM,2960.0,False
NÓGRÁD,Salgótarján,PAULÓ MIHÁLY TAMÁS,MAGYAR KÉTFARKÚ KUTYA PÁRT,879.0,False
NÓGRÁD,Salgótarján,KECSKÉS PÉTER,MEGOLDÁS MOZGALOM,403.0,False
NÓGRÁD,Salgótarján,PINTÉR ZSOLT,NORMÁLIS ÉLET PÁRTJA,350.0,False
NÓGRÁD,Salgótarján,KRIZS NORBERT,MAGYAR MUNKÁSPÁRT-IGEN SZOLIDARITÁS MAGYARORSZÁGÉRT MOZGALOM,241.0,False
PEST,Budakeszi,MENCZER TAMÁS,FIDESZ - MAGYAR POLGÁRI SZÖVETSÉG-KERESZTÉNYDEMOKRATA NÉPPÁRT,34810.0,True
PEST,Budakeszi,DR. SZÉL BERNADETT,DEMOKRATIKUS KOALÍCIÓ-JOBBIK MAGYARORSZÁGÉRT MOZGALOM-MOMENTUM MOZGALOM-MAGYAR SZOCIALISTA PÁRT-LMP - MAGYARORSZÁG ZÖLD PÁRTJA-PÁRBESZÉD MAGYARORSZÁGÉRT PÁRT,33432.0,False
PEST,Budakeszi,GYÖRGY JÓZSEF,MI HAZÁNK MOZGALOM,2700.0,False
PEST,Budakeszi,JAKAB EDINA,MAGYAR KÉTFARKÚ KUTYA PÁRT,2399.0,False
PEST,Budakeszi,DR. BOGÓ DÁNIEL LÁSZLÓ,MEGOLDÁS MOZGALOM,779.0,False
PEST,Budakeszi,KEREKES ERZSÉBET,NORMÁLIS ÉLET PÁRTJA,302.0,False
PEST,Cegléd,FÖLDI LÁSZLÓ,FIDESZ - MAGYAR POLGÁRI SZÖVETSÉG-KERESZTÉNYDEMOKRATA NÉPPÁRT,28244.0,True
PEST,Cegléd,ZÁGRÁB NÁNDOR,DEMOKRATIKUS KOALÍCIÓ-JOBBIK MAGYARORSZÁGÉRT MOZGALOM-MOMENTUM MOZGALOM-MAGYAR SZOCIALISTA PÁRT-LMP - MAGYARORSZÁG ZÖLD PÁRTJA-PÁRBESZÉD MAGYARORSZÁGÉRT PÁRT,13696.0,False
PEST,Cegléd,BARTHA BARNA,MI HAZÁNK MOZGALOM,3693.0,False
PEST,Cegléd,KIS VIKTOR,MAGYAR KÉTFARKÚ KUTYA PÁRT,1239.0,False
PEST,Cegléd,PÁSZTOR ÉVA ILONA,MEGOLDÁS MOZGALOM,506.0,False
PEST,Cegléd,ANDRISKA ISTVÁN,NORMÁLIS ÉLET PÁRTJA,406.0,False
PEST,Dabas,PÁNCZÉL KÁROLY,FIDESZ - MAGYAR POLGÁRI SZÖVETSÉG-KERESZTÉNYDEMOKRATA NÉPPÁRT,35513.0,True
PEST,Dabas,JÁNOSI-LESI ÁGOTA,DEMOKRATIKUS KOALÍCIÓ-JOBBIK MAGYARORSZÁGÉRT MOZGALOM-MOMENTUM MOZGALOM-MAGYAR SZOCIALISTA PÁRT-LMP - MAGYARORSZÁG ZÖLD PÁRTJA-PÁRBESZÉD MAGYARORSZÁGÉRT PÁRT,19824.0,False
PEST,Dabas,BOBROVÁCZ ANTAL,MI HAZÁNK MOZGALOM,3769.0,False
PEST,Dabas,FERANCZ NORBERT,MAGYAR KÉTFARKÚ KUTYA PÁRT,1807.0,False
PEST,Dabas,SZABÓ LÁSZLÓ,MEGOLDÁS MOZGALOM,885.0,False
PEST,Dabas,MIHÁLY DÁNIEL,NORMÁLIS ÉLET PÁRTJA,550.0,False
PEST,Dabas,FEKETE LÁSZLÓ,MAGYAR MUNKÁSPÁRT-IGEN SZOLIDARITÁS MAGYARORSZÁGÉRT MOZGALOM,169.0,False
PEST,Dunakeszi,TUZSON BENCE,FIDESZ - MAGYAR POLGÁRI SZÖVETSÉG-KERESZTÉNYDEMOKRATA NÉPPÁRT,34390.0,True
PEST,Dunakeszi,DOROSZ DÁVID,DEMOKRATIKUS KOALÍCIÓ-JOBBIK MAGYARORSZÁGÉRT MOZGALOM-MOMENTUM MOZGALOM-MAGYAR SZOCIALISTA PÁRT-LMP - MAGYARORSZÁG ZÖLD PÁRTJA-PÁRBESZÉD MAGYARORSZÁGÉRT PÁRT,31228.0,False
PEST,Dunakeszi,KOVÁCS MÁTYÁS,MI HAZÁNK MOZGALOM,3499.0,False
PEST,Dunakeszi,BÜRGER ZOLTÁN,MAGYAR KÉTFARKÚ KUTYA PÁRT,2801.0,False
PEST,Dunakeszi,KOVÁCS ROXÁNA,MEGOLDÁS MOZGALOM,1274.0,False
PEST,Dunakeszi,LŐRINCZ LÁSZLÓ,VALÓDI DEMOKRATA PÁRT,624.0,False
PEST,Dunakeszi,SZUCHÁNYI GÁBOR,NORMÁLIS ÉLET PÁRTJA,462.0,False
PEST,Gödöllő,VÉCSEY LÁSZLÓ,FIDESZ - MAGYAR POLGÁRI SZÖVETSÉG-KERESZTÉNYDEMOKRATA NÉPPÁRT,33188.0,True
PEST,Gödöllő,HOHN KRISZTINA,DEMOKRATIKUS KOALÍCIÓ-JOBBIK MAGYARORSZÁGÉRT MOZGALOM-MOMENTUM MOZGALOM-MAGYAR SZOCIALISTA PÁRT-LMP - MAGYARORSZÁG ZÖLD PÁRTJA-PÁRBESZÉD MAGYARORSZÁGÉRT PÁRT,25826.0,False
PEST,Gödöllő,HALÁSZ GÉZA,MI HAZÁNK MOZGALOM,3911.0,False
PEST,Gödöllő,BŐSZE GÁBOR,MAGYAR KÉTFARKÚ KUTYA PÁRT,2290.0,False
PEST,Gödöllő,KOPKA SÁNDOR ZOLTÁN,MEGOLDÁS MOZGALOM,1178.0,False
PEST,Gödöllő,ANTAL TAMÁS,Független jelölt,880.0,False
PEST,Gödöllő,SZIBILLA LÁSZLÓ,NORMÁLIS ÉLET PÁRTJA,385.0,False
PEST,Monor,POGÁCSÁS TIBOR,FIDESZ - MAGYAR POLGÁRI SZÖVETSÉG-KERESZTÉNYDEMOKRATA NÉPPÁRT,30973.0,True
PEST,Monor,SZABÓ REBEKA,DEMOKRATIKUS KOALÍCIÓ-JOBBIK MAGYARORSZÁGÉRT MOZGALOM-MOMENTUM MOZGALOM-MAGYAR SZOCIALISTA PÁRT-LMP - MAGYARORSZÁG ZÖLD PÁRTJA-PÁRBESZÉD MAGYARORSZÁGÉRT PÁRT,14797.0,False
PEST,Monor,LÁSZLÓ ATTILA,MI HAZÁNK MOZGALOM,3901.0,False
PEST,Monor,KŐHEGYI RÓBERT,MAGYAR KÉTFARKÚ KUTYA PÁRT,1528.0,False
PEST,Monor,ZRUBKA ZITA,MEGOLDÁS MOZGALOM,677.0,False
PEST,Nagykáta,CZERVÁN GYÖRGY,FIDESZ - MAGYAR POLGÁRI SZÖVETSÉG-KERESZTÉNYDEMOKRATA NÉPPÁRT,29632.0,True
PEST,Nagykáta,DR. SCHMUCK ERZSÉBET,DEMOKRATIKUS KOALÍCIÓ-JOBBIK MAGYARORSZÁGÉRT MOZGALOM-MOMENTUM MOZGALOM-MAGYAR SZOCIALISTA PÁRT-LMP - MAGYARORSZÁG ZÖLD PÁRTJA-PÁRBESZÉD MAGYARORSZÁGÉRT PÁRT,14096.0,False
PEST,Nagykáta,DR. LÁSZLÓ PÉTER,MI HAZÁNK MOZGALOM,3259.0,False
PEST,Nagykáta,KISS KORNÉL,MAGYAR KÉTFARKÚ KUTYA PÁRT,1236.0,False
PEST,Nagykáta,VÁRI ZOLTÁN ZSOLT,MEGOLDÁS MOZGALOM,589.0,False
PEST,Nagykáta,BEZZEG BOGLÁRKA,NORMÁLIS ÉLET PÁRTJA,397.0,False
PEST,Szentendre,DR. VITÁLYOS ESZTER,FIDESZ - MAGYAR POLGÁRI SZÖVETSÉG-KERESZTÉNYDEMOKRATA NÉPPÁRT,36877.0,True
PEST,Szentendre,BUZINKAY GYÖRGY,DEMOKRATIKUS KOALÍCIÓ-JOBBIK MAGYARORSZÁGÉRT MOZGALOM-MOMENTUM MOZGALOM-MAGYAR SZOCIALISTA PÁRT-LMP - MAGYARORSZÁG ZÖLD PÁRTJA-PÁRBESZÉD MAGYARORSZÁGÉRT PÁRT,26540.0,False
PEST,Szentendre,PÁL BÉLA,MI HAZÁNK MOZGALOM,3051.0,False
PEST,Szentendre,KÖVESDI MIKLÓS,MAGYAR KÉTFARKÚ KUTYA PÁRT,3035.0,False
PEST,Szentendre,POLOCSÁNYI BÉLA,MEGOLDÁS MOZGALOM,819.0,False
PEST,Szentendre,TIHANYI CSABA,NORMÁLIS ÉLET PÁRTJA,391.0,False
PEST,Szentendre,PÁLMAI FERENC,MAGYAR MUNKÁSPÁRT-IGEN SZOLIDARITÁS MAGYARORSZÁGÉRT MOZGALOM,284.0,False
PEST,Szigetszentmiklós,BÓNA ZOLTÁN,FIDESZ - MAGYAR POLGÁRI SZÖVETSÉG-KERESZTÉNYDEMOKRATA NÉPPÁRT,29584.0,True
PEST,Szigetszentmiklós,JÓSZAI TEODÓRA,DEMOKRATIKUS KOALÍCIÓ-JOBBIK MAGYARORSZÁGÉRT MOZGALOM-MOMENTUM MOZGALOM-MAGYAR SZOCIALISTA PÁRT-LMP - MAGYARORSZÁG ZÖLD PÁRTJA-PÁRBESZÉD MAGYARORSZÁGÉRT PÁRT,27701.0,False
PEST,Szigetszentmiklós,BOTLÓ KORNÉL LEVENTE,MI HAZÁNK MOZGALOM,3657.0,False
PEST,Szigetszentmiklós,ZSELI BERNADETT,MAGYAR KÉTFARKÚ KUTYA PÁRT,2070.0,False
PEST,Szigetszentmiklós,KÁMÁNY JÁNOS KRISZTIÁN,MEGOLDÁS MOZGALOM,806.0,False
PEST,Szigetszentmiklós,DOROGI GYULA,Független jelölt,751.0,False
PEST,Szigetszentmiklós,PROHÁSZKA GYÖRGY JÁNOS,NORMÁLIS ÉLET PÁRTJA,373.0,False
PEST,Vecsés,DR. SZŰCS LAJOS,FIDESZ - MAGYAR POLGÁRI SZÖVETSÉG-KERESZTÉNYDEMOKRATA NÉPPÁRT,31623.0,True
PEST,Vecsés,FRICSOVSZKY-TÓTH PÉTER,DEMOKRATIKUS KOALÍCIÓ-JOBBIK MAGYARORSZÁGÉRT MOZGALOM-MOMENTUM MOZGALOM-MAGYAR SZOCIALISTA PÁRT-LMP - MAGYARORSZÁG ZÖLD PÁRTJA-PÁRBESZÉD MAGYARORSZÁGÉRT PÁRT,23449.0,False
PEST,Vecsés,SZABÓNÉ PAPP KLÁRA,MI HAZÁNK MOZGALOM,4219.0,False
PEST,Vecsés,IVÁN PETRA,MAGYAR KÉTFARKÚ KUTYA PÁRT,2915.0,False
PEST,Vecsés,BALOGH ISTVÁN,MEGOLDÁS MOZGALOM,1484.0,False
PEST,Vecsés,BOCZ DÁNIEL,NORMÁLIS ÉLET PÁRTJA,558.0,False
PEST,Vác,RÉTVÁRI BENCE,FIDESZ - MAGYAR POLGÁRI SZÖVETSÉG-KERESZTÉNYDEMOKRATA NÉPPÁRT,30747.0,True
PEST,Vác,INOTAY GERGELY,DEMOKRATIKUS KOALÍCIÓ-JOBBIK MAGYARORSZÁGÉRT MOZGALOM-MOMENTUM MOZGALOM-MAGYAR SZOCIALISTA PÁRT-LMP - MAGYARORSZÁG ZÖLD PÁRTJA-PÁRBESZÉD MAGYARORSZÁGÉRT PÁRT,18759.0,False
PEST,Vác,DR. PÁLI JENŐ,MI HAZÁNK MOZGALOM,3242.0,False
PEST,Vác,KORGA GERGELY,MAGYAR KÉTFARKÚ KUTYA PÁRT,1783.0,False
PEST,Vác,MANTZOURAKIS SARANTIS,MEGOLDÁS MOZGALOM,426.0,False
PEST,Vác,PINTÉR LÁSZLÓ,NORMÁLIS ÉLET PÁRTJA,384.0,False
PEST,Vác,SIMON JÓZSEF FERENC,MAGYAR MUNKÁSPÁRT-IGEN SZOLIDARITÁS MAGYARORSZÁGÉRT MOZGALOM,102.0,False
PEST,Érd,DR. ARADSZKI ANDRÁS,FIDESZ - MAGYAR POLGÁRI SZÖVETSÉG-KERESZTÉNYDEMOKRATA NÉPPÁRT,29597.0,True
PEST,Érd,DR. BŐSZ ANETT,DEMOKRATIKUS KOALÍCIÓ-JOBBIK MAGYARORSZÁGÉRT MOZGALOM-MOMENTUM MOZGALOM-MAGYAR SZOCIALISTA PÁRT-LMP - MAGYARORSZÁG ZÖLD PÁRTJA-PÁRBESZÉD MAGYARORSZÁGÉRT PÁRT,28076.0,False
PEST,Érd,CSOTT KÁROLY,MI HAZÁNK MOZGALOM,3220.0,False
PEST,Érd,IGNÁTH KITTI,MAGYAR KÉTFARKÚ KUTYA PÁRT,2067.0,False
PEST,Érd,DR. ASZTALOS ÉVA,Független jelölt,1527.0,False
PEST,Érd,VÁRADI VALENTIN,MEGOLDÁS MOZGALOM,729.0,False
SOMOGY,Barcs,SZÁSZFALVI LÁSZLÓ,FIDESZ - MAGYAR POLGÁRI SZÖVETSÉG-KERESZTÉNYDEMOKRATA NÉPPÁRT,21571.0,True
SOMOGY,Barcs,ANDER BALÁZS,DEMOKRATIKUS KOALÍCIÓ-JOBBIK MAGYARORSZÁGÉRT MOZGALOM-MOMENTUM MOZGALOM-MAGYAR SZOCIALISTA PÁRT-LMP - MAGYARORSZÁG ZÖLD PÁRTJA-PÁRBESZÉD MAGYARORSZÁGÉRT PÁRT,13855.0,False
SOMOGY,Barcs,HALÁSZNÉ HUNYADI GYÖNGYI,MI HAZÁNK MOZGALOM,1525.0,False
SOMOGY,Barcs,PALKÓ SÁNDOR,MEGOLDÁS MOZGALOM,332.0,False
SOMOGY,Kaposvár,GELENCSÉR ATTILA,FIDESZ - MAGYAR POLGÁRI SZÖVETSÉG-KERESZTÉNYDEMOKRATA NÉPPÁRT,20062.0,True
SOMOGY,Kaposvár,DR. VARGA ISTVÁN,DEMOKRATIKUS KOALÍCIÓ-JOBBIK MAGYARORSZÁGÉRT MOZGALOM-MOMENTUM MOZGALOM-MAGYAR SZOCIALISTA PÁRT-LMP - MAGYARORSZÁG ZÖLD PÁRTJA-PÁRBESZÉD MAGYARORSZÁGÉRT PÁRT,14670.0,False
SOMOGY,Kaposvár,KELEMEN CSABA,MI HAZÁNK MOZGALOM,2490.0,False
SOMOGY,Kaposvár,VARGA ISTVÁN,Független jelölt,1849.0,False
SOMOGY,Kaposvár,TELEKI-MOLNÁR ZSÓFIA,MAGYAR KÉTFARKÚ KUTYA PÁRT,983.0,False
SOMOGY,Kaposvár,DR. NADRAI NORBERT JÓZSEF,Független jelölt,830.0,False
SOMOGY,Kaposvár,HAUSER GERGŐ,MEGOLDÁS MOZGALOM,755.0,False
SOMOGY,Kaposvár,HORVÁTH ÁKOS,Független jelölt,369.0,False
SOMOGY,Kaposvár,VARGA TAMÁS,MAGYAR MUNKÁSPÁRT-IGEN SZOLIDARITÁS MAGYARORSZÁGÉRT MOZGALOM,110.0,False
SOMOGY,Marcali,MÓRING JÓZSEF ATTILA,FIDESZ - MAGYAR POLGÁRI SZÖVETSÉG-KERESZTÉNYDEMOKRATA NÉPPÁRT,24171.0,True
SOMOGY,Marcali,DR. STEINMETZ ÁDÁM,DEMOKRATIKUS KOALÍCIÓ-JOBBIK MAGYARORSZÁGÉRT MOZGALOM-MOMENTUM MOZGALOM-MAGYAR SZOCIALISTA PÁRT-LMP - MAGYARORSZÁG ZÖLD PÁRTJA-PÁRBESZÉD MAGYARORSZÁGÉRT PÁRT,14776.0,False
SOMOGY,Marcali,JOZÓ TAMÁS,MI HAZÁNK MOZGALOM,2408.0,False
SOMOGY,Marcali,KAZAI CSABA,MEGOLDÁS MOZGALOM,374.0,False
SOMOGY,Siófok,WITZMANN MIHÁLY,FIDESZ - MAGYAR POLGÁRI SZÖVETSÉG-KERESZTÉNYDEMOKRATA NÉPPÁRT,26834.0,True
SOMOGY,Siófok,POTOCSKÁNÉ KŐRÖSI ANITA,DEMOKRATIKUS KOALÍCIÓ-JOBBIK MAGYARORSZÁGÉRT MOZGALOM-MOMENTUM MOZGALOM-MAGYAR SZOCIALISTA PÁRT-LMP - MAGYARORSZÁG ZÖLD PÁRTJA-PÁRBESZÉD MAGYARORSZÁGÉRT PÁRT,16010.0,False
SOMOGY,Siófok,BURDA PATRIK,MEGOLDÁS MOZGALOM,835.0,False
SOMOGY,Siófok,SÜMEGI RITA,NORMÁLIS ÉLET PÁRTJA,751.0,False
SOMOGY,Siófok,KNOCH LÁSZLÓ,MAGYAR MUNKÁSPÁRT-IGEN SZOLIDARITÁS MAGYARORSZÁGÉRT MOZGALOM,341.0,False
SZABOLCS-SZATMÁR-BEREG,Kisvárda,DR. SESZTÁK MIKLÓS,FIDESZ - MAGYAR POLGÁRI SZÖVETSÉG-KERESZTÉNYDEMOKRATA NÉPPÁRT,31946.0,True
SZABOLCS-SZATMÁR-BEREG,Kisvárda,TÓTH VIKTOR,DEMOKRATIKUS KOALÍCIÓ-JOBBIK MAGYARORSZÁGÉRT MOZGALOM-MOMENTUM MOZGALOM-MAGYAR SZOCIALISTA PÁRT-LMP - MAGYARORSZÁG ZÖLD PÁRTJA-PÁRBESZÉD MAGYARORSZÁGÉRT PÁRT,12781.0,False
SZABOLCS-SZATMÁR-BEREG,Kisvárda,PERDIÁK JÁNOS,MI HAZÁNK MOZGALOM,2869.0,False
SZABOLCS-SZATMÁR-BEREG,Kisvárda,DZSUBÁK BALÁZS,MEGOLDÁS MOZGALOM,770.0,False
SZABOLCS-SZATMÁR-BEREG,Kisvárda,GYÖRKÖSNÉ ORBÁN MÁRIA,NORMÁLIS ÉLET PÁRTJA,351.0,False
SZABOLCS-SZATMÁR-BEREG,Kisvárda,TÓTH PÉTER PÁL,MAGYAR MUNKÁSPÁRT-IGEN SZOLIDARITÁS MAGYARORSZÁGÉRT MOZGALOM,197.0,False
SZABOLCS-SZATMÁR-BEREG,Mátészalka,KOVÁCS SÁNDOR,FIDESZ - MAGYAR POLGÁRI SZÖVETSÉG-KERESZTÉNYDEMOKRATA NÉPPÁRT,29647.0,True
SZABOLCS-SZATMÁR-BEREG,Mátészalka,FÖLDI ISTVÁN,DEMOKRATIKUS KOALÍCIÓ-JOBBIK MAGYARORSZÁGÉRT MOZGALOM-MOMENTUM MOZGALOM-MAGYAR SZOCIALISTA PÁRT-LMP - MAGYARORSZÁG ZÖLD PÁRTJA-PÁRBESZÉD MAGYARORSZÁGÉRT PÁRT,11250.0,False
SZABOLCS-SZATMÁR-BEREG,Mátészalka,DR. APÁTI ISTVÁN,MI HAZÁNK MOZGALOM,4185.0,False
SZABOLCS-SZATMÁR-BEREG,Mátészalka,ROLAND ALEX,MEGOLDÁS MOZGALOM,347.0,False
SZABOLCS-SZATMÁR-BEREG,Mátészalka,NAGY CSABA ATTILA,NORMÁLIS ÉLET PÁRTJA,332.0,False
SZABOLCS-SZATMÁR-BEREG,Nyírbátor,DR. SIMON MIKLÓS,FIDESZ - MAGYAR POLGÁRI SZÖVETSÉG-KERESZTÉNYDEMOKRATA NÉPPÁRT,29875.0,True
SZABOLCS-SZATMÁR-BEREG,Nyírbátor,TÓTH VIKTOR,DEMOKRATIKUS KOALÍCIÓ-JOBBIK MAGYARORSZÁGÉRT MOZGALOM-MOMENTUM MOZGALOM-MAGYAR SZOCIALISTA PÁRT-LMP - MAGYARORSZÁG ZÖLD PÁRTJA-PÁRBESZÉD MAGYARORSZÁGÉRT PÁRT,12027.0,False
SZABOLCS-SZATMÁR-BEREG,Nyírbátor,SZATHMÁRI LAJOS,MI HAZÁNK MOZGALOM,2252.0,False
SZABOLCS-SZATMÁR-BEREG,Nyírbátor,POLYÁK CSABA,MAGYAR KÉTFARKÚ KUTYA PÁRT,558.0,False
SZABOLCS-SZATMÁR-BEREG,Nyírbátor,CZAKÓ ZOLTÁN,MEGOLDÁS MOZGALOM,386.0,False
SZABOLCS-SZATMÁR-BEREG,Nyírbátor,KOROKNAI ZSOLT,NORMÁLIS ÉLET PÁRTJA,381.0,False
SZABOLCS-SZATMÁR-BEREG,Nyíregyháza 1,DR. SZABÓ TÜNDE,FIDESZ - MAGYAR POLGÁRI SZÖVETSÉG-KERESZTÉNYDEMOKRATA NÉPPÁRT,23254.0,True
SZABOLCS-SZATMÁR-BEREG,Nyíregyháza 1,LENGYEL MÁTÉ,DEMOKRATIKUS KOALÍCIÓ-JOBBIK MAGYARORSZÁGÉRT MOZGALOM-MOMENTUM MOZGALOM-MAGYAR SZOCIALISTA PÁRT-LMP - MAGYARORSZÁG ZÖLD PÁRTJA-PÁRBESZÉD MAGYARORSZÁGÉRT PÁRT,21806.0,False
SZABOLCS-SZATMÁR-BEREG,Nyíregyháza 1,DR. HORVÁTH ATTILA,MI HAZÁNK MOZGALOM,2718.0,False
SZABOLCS-SZATMÁR-BEREG,Nyíregyháza 1,NAGY LÁSZLÓ,Független jelölt,1124.0,False
SZABOLCS-SZATMÁR-BEREG,Nyíregyháza 1,BALÁZS ZSOLT,MAGYAR KÉTFARKÚ KUTYA PÁRT,1075.0,False
SZABOLCS-SZATMÁR-BEREG,Nyíregyháza 1,DR. HELMECZY LÁSZLÓ,MEGOLDÁS MOZGALOM,1023.0,False
SZABOLCS-SZATMÁR-BEREG,Nyíregyháza 1,DR. GŐDÉNY GYÖRGY,NORMÁLIS ÉLET PÁRTJA,772.0,False
SZABOLCS-SZATMÁR-BEREG,Nyíregyháza 2,DR. VINNAI GYŐZŐ,FIDESZ - MAGYAR POLGÁRI SZÖVETSÉG-KERESZTÉNYDEMOKRATA NÉPPÁRT,26277.0,True
SZABOLCS-SZATMÁR-BEREG,Nyíregyháza 2,ARANYOS GÁBOR,DEMOKRATIKUS KOALÍCIÓ-JOBBIK MAGYARORSZÁGÉRT MOZGALOM-MOMENTUM MOZGALOM-MAGYAR SZOCIALISTA PÁRT-LMP - MAGYARORSZÁG ZÖLD PÁRTJA-PÁRBESZÉD MAGYARORSZÁGÉRT PÁRT,14759.0,False
SZABOLCS-SZATMÁR-BEREG,Nyíregyháza 2,KOVÁCS KOPPÁNY ZOLTÁN,MI HAZÁNK MOZGALOM,2823.0,False
SZABOLCS-SZATMÁR-BEREG,Nyíregyháza 2,KANALAS MELINDA,Független jelölt,476.0,False
SZABOLCS-SZATMÁR-BEREG,Nyíregyháza 2,KARDOS FERENC,MEGOLDÁS MOZGALOM,448.0,False
SZABOLCS-SZATMÁR-BEREG,Nyíregyháza 2,GURCSÁK LÁSZLÓ,NORMÁLIS ÉLET PÁRTJA,417.0,False
SZABOLCS-SZATMÁR-BEREG,Vásárosnamény,DR. TILKI ATTILA,FIDESZ - MAGYAR POLGÁRI SZÖVETSÉG-KERESZTÉNYDEMOKRATA NÉPPÁRT,31523.0,True
SZABOLCS-SZATMÁR-BEREG,Vásárosnamény,DR. SÁPI MÓNIKA,DEMOKRATIKUS KOALÍCIÓ-JOBBIK MAGYARORSZÁGÉRT MOZGALOM-MOMENTUM MOZGALOM-MAGYAR SZOCIALISTA PÁRT-LMP - MAGYARORSZÁG ZÖLD PÁRTJA-PÁRBESZÉD MAGYARORSZÁGÉRT PÁRT,11404.0,False
SZABOLCS-SZATMÁR-BEREG,Vásárosnamény,BERTICS MIHÁLY,MI HAZÁNK MOZGALOM,2159.0,False
SZABOLCS-SZATMÁR-BEREG,Vásárosnamény,SZABÓ MÁRIA,NORMÁLIS ÉLET PÁRTJA,319.0,False
SZABOLCS-SZATMÁR-BEREG,Vásárosnamény,KANTULY ZSOLT,MEGOLDÁS MOZGALOM,302.0,False
SZABOLCS-SZATMÁR-BEREG,Vásárosnamény,KIRÁLY SZILÁRD,A MI PÁRTUNK - IMA,172.0,False
TOLNA,Dombóvár,POTÁPI ÁRPÁD JÁNOS,FIDESZ - MAGYAR POLGÁRI SZÖVETSÉG-KERESZTÉNYDEMOKRATA NÉPPÁRT,24362.0,True
TOLNA,Dombóvár,SZABÓ LORÁND,DEMOKRATIKUS KOALÍCIÓ-JOBBIK MAGYARORSZÁGÉRT MOZGALOM-MOMENTUM MOZGALOM-MAGYAR SZOCIALISTA PÁRT-LMP - MAGYARORSZÁG ZÖLD PÁRTJA-PÁRBESZÉD MAGYARORSZÁGÉRT PÁRT,10536.0,False
TOLNA,Dombóvár,TOBAK GÁBOR,MI HAZÁNK MOZGALOM,2942.0,False
TOLNA,Dombóvár,BEA GÁBOR,NORMÁLIS ÉLET PÁRTJA,601.0,False
TOLNA,Dombóvár,KŐMÜVES ATTILA,MEGOLDÁS MOZGALOM,576.0,False
TOLNA,Paks,SÜLI JÁNOS,FIDESZ - MAGYAR POLGÁRI SZÖVETSÉG-KERESZTÉNYDEMOKRATA NÉPPÁRT,25102.0,True
TOLNA,Paks,BENCZE JÁNOS,DEMOKRATIKUS KOALÍCIÓ-JOBBIK MAGYARORSZÁGÉRT MOZGALOM-MOMENTUM MOZGALOM-MAGYAR SZOCIALISTA PÁRT-LMP - MAGYARORSZÁG ZÖLD PÁRTJA-PÁRBESZÉD MAGYARORSZÁGÉRT PÁRT,11107.0,False
TOLNA,Paks,ÁRVAI TIBOR,MI HAZÁNK MOZGALOM,2696.0,False
TOLNA,Paks,HALÁSZ GERGELY,NORMÁLIS ÉLET PÁRTJA,518.0,False
TOLNA,Paks,LACZKÓ PÉTER,MEGOLDÁS MOZGALOM,433.0,False
TOLNA,Szekszárd,HORVÁTH ISTVÁN,FIDESZ - MAGYAR POLGÁRI SZÖVETSÉG-KERESZTÉNYDEMOKRATA NÉPPÁRT,22642.0,True
TOLNA,Szekszárd,DR. HARANGOZÓ TAMÁS,DEMOKRATIKUS KOALÍCIÓ-JOBBIK MAGYARORSZÁGÉRT MOZGALOM-MOMENTUM MOZGALOM-MAGYAR SZOCIALISTA PÁRT-LMP - MAGYARORSZÁG ZÖLD PÁRTJA-PÁRBESZÉD MAGYARORSZÁGÉRT PÁRT,14279.0,False
TOLNA,Szekszárd,PAPP TAMÁS,MI HAZÁNK MOZGALOM,2361.0,False
TOLNA,Szekszárd,FARKAS LÁSZLÓ,MAGYAR KÉTFARKÚ KUTYA PÁRT,1042.0,False
TOLNA,Szekszárd,HAJDU FERENC,MEGOLDÁS MOZGALOM,383.0,False
TOLNA,Szekszárd,KERCSÓ MÁRTON,MAGYAR MUNKÁSPÁRT-IGEN SZOLIDARITÁS MAGYARORSZÁGÉRT MOZGALOM,85.0,False
VAS,Körmend,V.NÉMETH ZSOLT,FIDESZ - MAGYAR POLGÁRI SZÖVETSÉG-KERESZTÉNYDEMOKRATA NÉPPÁRT,31938.0,True
VAS,Körmend,BANA TIBOR,DEMOKRATIKUS KOALÍCIÓ-JOBBIK MAGYARORSZÁGÉRT MOZGALOM-MOMENTUM MOZGALOM-MAGYAR SZOCIALISTA PÁRT-LMP - MAGYARORSZÁG ZÖLD PÁRTJA-PÁRBESZÉD MAGYARORSZÁGÉRT PÁRT,12874.0,False
VAS,Körmend,NÉMETI CSABA,MI HAZÁNK MOZGALOM,2676.0,False
VAS,Körmend,DÁVID DÁVID,MEGOLDÁS MOZGALOM,613.0,False
VAS,Szombathely,DR. HENDE CSABA,FIDESZ - MAGYAR POLGÁRI SZÖVETSÉG-KERESZTÉNYDEMOKRATA NÉPPÁRT,25792.0,True
VAS,Szombathely,DR. CZEGLÉDY CSABA,DEMOKRATIKUS KOALÍCIÓ-JOBBIK MAGYARORSZÁGÉRT MOZGALOM-MOMENTUM MOZGALOM-MAGYAR SZOCIALISTA PÁRT-LMP - MAGYARORSZÁG ZÖLD PÁRTJA-PÁRBESZÉD MAGYARORSZÁGÉRT PÁRT,20771.0,False
VAS,Szombathely,DR. VADON ISTVÁN,MI HAZÁNK MOZGALOM,2421.0,False
VAS,Szombathely,NAGY DÁVID,MAGYAR KÉTFARKÚ KUTYA PÁRT,1585.0,False
VAS,Szombathely,TÖMBÖLY TAMÁS,MEGOLDÁS MOZGALOM,530.0,False
VAS,Szombathely,HORVÁTH ÉVA,NORMÁLIS ÉLET PÁRTJA,467.0,False
VAS,Szombathely,HEGEDÜS MÁTÉ,MAGYAR MUNKÁSPÁRT-IGEN SZOLIDARITÁS MAGYARORSZÁGÉRT MOZGALOM,71.0,False
VAS,Sárvár,ÁGH PÉTER,FIDESZ - MAGYAR POLGÁRI SZÖVETSÉG-KERESZTÉNYDEMOKRATA NÉPPÁRT,32226.0,True
VAS,Sárvár,HENCZ KORNÉL,DEMOKRATIKUS KOALÍCIÓ-JOBBIK MAGYARORSZÁGÉRT MOZGALOM-MOMENTUM MOZGALOM-MAGYAR SZOCIALISTA PÁRT-LMP - MAGYARORSZÁG ZÖLD PÁRTJA-PÁRBESZÉD MAGYARORSZÁGÉRT PÁRT,13026.0,False
VAS,Sárvár,GICZY JÓZSEF,MI HAZÁNK MOZGALOM,2933.0,False
VAS,Sárvár,ZAKOTA TAMÁS,MAGYAR KÉTFARKÚ KUTYA PÁRT,1137.0,False
VAS,Sárvár,HORVÁTH SÁNDOR,MEGOLDÁS MOZGALOM,441.0,False
VAS,Sárvár,RUTKAI ZOLTÁN,NORMÁLIS ÉLET PÁRTJA,294.0,False
VESZPRÉM,Balatonfüred,KONTRÁT KÁROLY,FIDESZ - MAGYAR POLGÁRI SZÖVETSÉG-KERESZTÉNYDEMOKRATA NÉPPÁRT,26762.0,True
VESZPRÉM,Balatonfüred,BENEDEK SZILVESZTER,DEMOKRATIKUS KOALÍCIÓ-JOBBIK MAGYARORSZÁGÉRT MOZGALOM-MOMENTUM MOZGALOM-MAGYAR SZOCIALISTA PÁRT-LMP - MAGYARORSZÁG ZÖLD PÁRTJA-PÁRBESZÉD MAGYARORSZÁGÉRT PÁRT,19172.0,False
VESZPRÉM,Balatonfüred,KOVÁCS ATTILA,MI HAZÁNK MOZGALOM,3582.0,False
VESZPRÉM,Balatonfüred,KÁRPÁTI ZOLTÁN,MAGYAR KÉTFARKÚ KUTYA PÁRT,1765.0,False
VESZPRÉM,Balatonfüred,BERTA ÁKOS,MEGOLDÁS MOZGALOM,834.0,False
VESZPRÉM,Balatonfüred,DALMADI RÓBERT,NORMÁLIS ÉLET PÁRTJA,372.0,False
VESZPRÉM,Pápa,DR. KOVÁCS ZOLTÁN,FIDESZ - MAGYAR POLGÁRI SZÖVETSÉG-KERESZTÉNYDEMOKRATA NÉPPÁRT,29806.0,True
VESZPRÉM,Pápa,GRŐBER ATTILA,DEMOKRATIKUS KOALÍCIÓ-JOBBIK MAGYARORSZÁGÉRT MOZGALOM-MOMENTUM MOZGALOM-MAGYAR SZOCIALISTA PÁRT-LMP - MAGYARORSZÁG ZÖLD PÁRTJA-PÁRBESZÉD MAGYARORSZÁGÉRT PÁRT,13826.0,False
VESZPRÉM,Pápa,TAKÁCS MÁTÉ,MI HAZÁNK MOZGALOM,2702.0,False
VESZPRÉM,Pápa,DOMJÁN ÁKOS,MAGYAR KÉTFARKÚ KUTYA PÁRT,849.0,False
VESZPRÉM,Pápa,DR. HORVÁTH GYULA,MEGOLDÁS MOZGALOM,352.0,False
VESZPRÉM,Tapolca,DR. NAVRACSICS TIBOR,FIDESZ - MAGYAR POLGÁRI SZÖVETSÉG-KERESZTÉNYDEMOKRATA NÉPPÁRT,23685.0,True
VESZPRÉM,Tapolca,RIG LAJOS,DEMOKRATIKUS KOALÍCIÓ-JOBBIK MAGYARORSZÁGÉRT MOZGALOM-MOMENTUM MOZGALOM-MAGYAR SZOCIALISTA PÁRT-LMP - MAGYARORSZÁG ZÖLD PÁRTJA-PÁRBESZÉD MAGYARORSZÁGÉRT PÁRT,20797.0,False
VESZPRÉM,Tapolca,SÁNDOR BALÁZS,MAGYAR KÉTFARKÚ KUTYA PÁRT,1115.0,False
VESZPRÉM,Tapolca,TAKÁCS LAJOS,Független jelölt,727.0,False
VESZPRÉM,Tapolca,FÓRIZS LAJOS,MEGOLDÁS MOZGALOM,396.0,False
VESZPRÉM,Veszprém,OVÁDI PÉTER,FIDESZ - MAGYAR POLGÁRI SZÖVETSÉG-KERESZTÉNYDEMOKRATA NÉPPÁRT,26119.0,True
VESZPRÉM,Veszprém,CSONKA BALÁZS,DEMOKRATIKUS KOALÍCIÓ-JOBBIK MAGYARORSZÁGÉRT MOZGALOM-MOMENTUM MOZGALOM-MAGYAR SZOCIALISTA PÁRT-LMP - MAGYARORSZÁG ZÖLD PÁRTJA-PÁRBESZÉD MAGYARORSZÁGÉRT PÁRT,20301.0,False
VESZPRÉM,Veszprém,KOVACSICS ZSOLT,MI HAZÁNK MOZGALOM,3231.0,False
VESZPRÉM,Veszprém,VÉRTESI BENJÁMIN,MAGYAR KÉTFARKÚ KUTYA PÁRT,1484.0,False
VESZPRÉM,Veszprém,SIMOR ISTVÁN,MEGOLDÁS MOZGALOM,604.0,False
ZALA,Keszthely,NAGY BÁLINT,FIDESZ - MAGYAR POLGÁRI SZÖVETSÉG-KERESZTÉNYDEMOKRATA NÉPPÁRT,30734.0,True
ZALA,Keszthely,ELEKES ISTVÁN,DEMOKRATIKUS KOALÍCIÓ-JOBBIK MAGYARORSZÁGÉRT MOZGALOM-MOMENTUM MOZGALOM-MAGYAR SZOCIALISTA PÁRT-LMP - MAGYARORSZÁG ZÖLD PÁRTJA-PÁRBESZÉD MAGYARORSZÁGÉRT PÁRT,15467.0,False
ZALA,Keszthely,BEREI GÁBOR,MI HAZÁNK MOZGALOM,3185.0,False
ZALA,Keszthely,NÉMETH EMESE,MAGYAR KÉTFARKÚ KUTYA PÁRT,1363.0,False
ZALA,Keszthely,CSENDES JÓZSEF,NORMÁLIS ÉLET PÁRTJA,611.0,False
ZALA,Nagykanizsa,CSERESNYÉS PÉTER,FIDESZ - MAGYAR POLGÁRI SZÖVETSÉG-KERESZTÉNYDEMOKRATA NÉPPÁRT,26126.0,True
ZALA,Nagykanizsa,HORVÁTH JÁCINT,DEMOKRATIKUS KOALÍCIÓ-JOBBIK MAGYARORSZÁGÉRT MOZGALOM-MOMENTUM MOZGALOM-MAGYAR SZOCIALISTA PÁRT-LMP - MAGYARORSZÁG ZÖLD PÁRTJA-PÁRBESZÉD MAGYARORSZÁGÉRT PÁRT,18466.0,False
ZALA,Nagykanizsa,HOKKER TIBOR,MI HAZÁNK MOZGALOM,2711.0,False
ZALA,Nagykanizsa,NAGY DÁVID,MAGYAR KÉTFARKÚ KUTYA PÁRT,975.0,False
ZALA,Nagykanizsa,BORDA BALÁZS,NORMÁLIS ÉLET PÁRTJA,504.0,False
ZALA,Nagykanizsa,BARNA TAMÁS,MEGOLDÁS MOZGALOM,410.0,False
ZALA,Nagykanizsa,SZÉKELY SÁNDOR,MAGYAR MUNKÁSPÁRT-IGEN SZOLIDARITÁS MAGYARORSZÁGÉRT MOZGALOM,122.0,False
ZALA,Zalaegerszeg,VIGH LÁSZLÓ,FIDESZ - MAGYAR POLGÁRI SZÖVETSÉG-KERESZTÉNYDEMOKRATA NÉPPÁRT,31178.0,True
ZALA,Zalaegerszeg,DR. CSIDEI IRÉN,DEMOKRATIKUS KOALÍCIÓ-JOBBIK MAGYARORSZÁGÉRT MOZGALOM-MOMENTUM MOZGALOM-MAGYAR SZOCIALISTA PÁRT-LMP - MAGYARORSZÁG ZÖLD PÁRTJA-PÁRBESZÉD MAGYARORSZÁGÉRT PÁRT,16987.0,False
ZALA,Zalaegerszeg,KISS FERENC,MI HAZÁNK MOZGALOM,3409.0,False
ZALA,Zalaegerszeg,CSISZÁR VIKTOR,MAGYAR KÉTFARKÚ KUTYA PÁRT,1414.0,False
ZALA,Zalaegerszeg,KOLTAI TIBOR,Független jelölt,694.0,False
ZALA,Zalaegerszeg,SZÉP SZABOLCS,MEGOLDÁS MOZGALOM,672.0,False
ZALA,Zalaegerszeg,MARTON ÁDÁM,NORMÁLIS ÉLET PÁRTJA,455.0,False
ZALA,Zalaegerszeg,VIRÁG DEBÓRA,A MI PÁRTUNK - IMA,85.0,False
