,Loan_ID,Gender,Married,Dependents,Education,Self_Employed,ApplicantIncome,CoapplicantIncome,LoanAmount,Loan_Amount_Term,Credit_History,Property_Area,Target
0,LP001032,Male,No,0,Graduate,No,4950,0.0,125,360,1,Urban,Y
1,LP001824,Male,Yes,1,Graduate,No,2882,1843.0,123,480,1,Semiurban,Y
2,LP002928,Male,Yes,0,Graduate,No,3000,3416.0,56,180,1,Semiurban,Y
3,LP001814,Male,Yes,2,Graduate,No,9703,0.0,112,360,1,Urban,Y
4,LP002244,Male,Yes,0,Graduate,No,2333,2417.0,136,360,1,Urban,Y
5,LP001854,Male,Yes,3+,Graduate,No,5250,0.0,94,360,1,Urban,N
6,LP002505,Male,Yes,0,Graduate,No,4333,2451.0,110,360,1,Urban,N
7,LP002862,Male,Yes,2,Not Graduate,No,6125,1625.0,187,480,1,Semiurban,N
8,LP001630,Male,No,0,Not Graduate,No,2333,1451.0,102,480,0,Urban,N
9,LP001964,Male,Yes,0,Not Graduate,No,1800,2934.0,93,360,0,Urban,N
10,LP001098,Male,Yes,0,Graduate,No,3500,1667.0,114,360,1,Semiurban,Y
11,LP002149,Male,Yes,2,Graduate,No,8333,3167.0,165,360,1,Rural,Y
12,LP002472,Male,No,2,Graduate,No,4354,0.0,136,360,1,Rural,Y
13,LP001647,Male,Yes,0,Graduate,No,9328,0.0,188,180,1,Rural,Y
14,LP001871,Female,No,0,Graduate,No,7200,0.0,120,360,1,Rural,Y
15,LP001379,Male,Yes,2,Graduate,No,3800,3600.0,216,360,0,Urban,N
16,LP002789,Male,Yes,0,Graduate,No,3593,4266.0,132,180,0,Rural,N
17,LP002842,Male,Yes,1,Graduate,No,3417,1750.0,186,360,1,Urban,Y
18,LP001491,Male,Yes,2,Graduate,Yes,3316,3500.0,88,360,1,Urban,Y
19,LP002031,Male,Yes,1,Not Graduate,No,3399,1640.0,111,180,1,Urban,Y
20,LP001578,Male,Yes,0,Graduate,No,2439,3333.0,129,360,1,Rural,Y
21,LP001318,Male,Yes,2,Graduate,No,6250,5654.0,188,180,1,Semiurban,Y
22,LP001259,Male,Yes,1,Graduate,Yes,1000,3022.0,110,360,1,Urban,N
23,LP002804,Female,Yes,0,Graduate,No,4180,2306.0,182,360,1,Semiurban,Y
24,LP001327,Female,Yes,0,Graduate,No,2484,2302.0,137,360,1,Semiurban,Y
25,LP001713,Male,Yes,1,Graduate,Yes,7787,0.0,240,360,1,Urban,Y
26,LP002990,Female,No,0,Graduate,Yes,4583,0.0,133,360,0,Semiurban,N
27,LP001811,Male,Yes,0,Not Graduate,No,3406,4417.0,123,360,1,Semiurban,Y
28,LP001891,Male,Yes,0,Graduate,No,11146,0.0,136,360,1,Urban,Y
29,LP002953,Male,Yes,3+,Graduate,No,5703,0.0,128,360,1,Urban,Y
30,LP001020,Male,Yes,1,Graduate,No,12841,10968.0,349,360,1,Semiurban,N
31,LP001144,Male,Yes,0,Graduate,No,5821,0.0,144,360,1,Urban,Y
32,LP002429,Male,Yes,1,Graduate,Yes,3466,1210.0,130,360,1,Rural,Y
33,LP002138,Male,Yes,0,Graduate,No,2625,6250.0,187,360,1,Rural,Y
34,LP001720,Male,Yes,3+,Not Graduate,No,3850,983.0,100,360,1,Semiurban,Y
35,LP002341,Female,No,1,Graduate,No,2600,0.0,160,360,1,Urban,N
36,LP002626,Male,Yes,0,Graduate,Yes,2479,3013.0,188,360,1,Urban,Y
37,LP002229,Male,No,0,Graduate,No,5941,4232.0,296,360,1,Semiurban,Y
38,LP001195,Male,Yes,0,Graduate,No,2132,1591.0,96,360,1,Semiurban,Y
39,LP001194,Male,Yes,2,Graduate,No,2708,1167.0,97,360,1,Semiurban,Y
40,LP002115,Male,Yes,3+,Not Graduate,No,2647,1587.0,173,360,1,Rural,N
41,LP001369,Male,Yes,2,Graduate,No,11417,1126.0,225,360,1,Urban,Y
42,LP001497,Male,Yes,2,Graduate,No,5042,2083.0,185,360,1,Rural,N
43,LP002807,Male,Yes,2,Not Graduate,No,3675,242.0,108,360,1,Semiurban,Y
44,LP001633,Male,Yes,1,Graduate,No,6400,7250.0,180,360,0,Urban,N
45,LP001877,Male,Yes,2,Graduate,No,4708,1387.0,150,360,1,Semiurban,Y
46,LP002690,Male,No,0,Graduate,No,2500,0.0,55,360,1,Semiurban,Y
47,LP001924,Male,No,0,Graduate,No,3158,3053.0,89,360,1,Rural,Y
48,LP002390,Male,No,0,Graduate,No,3750,0.0,100,360,1,Urban,Y
49,LP002541,Male,Yes,0,Graduate,No,10833,0.0,234,360,1,Semiurban,Y
50,LP001473,Male,No,0,Graduate,No,2014,1929.0,74,360,1,Urban,Y
51,LP001005,Male,Yes,0,Graduate,Yes,3000,0.0,66,360,1,Urban,Y
52,LP001882,Male,Yes,3+,Graduate,No,4333,1811.0,160,360,0,Urban,Y
53,LP001925,Female,No,0,Graduate,Yes,2600,1717.0,99,300,1,Semiurban,N
54,LP001896,Male,Yes,2,Graduate,No,3900,0.0,90,360,1,Semiurban,Y
55,LP001888,Female,No,0,Graduate,No,3237,0.0,30,360,1,Urban,Y
56,LP002545,Male,No,2,Graduate,No,3547,0.0,80,360,0,Rural,N
57,LP002408,Male,No,0,Graduate,No,3660,5064.0,187,360,1,Semiurban,Y
58,LP001255,Male,No,0,Graduate,No,3750,0.0,113,480,1,Urban,N
59,LP001030,Male,Yes,2,Graduate,No,1299,1086.0,17,120,1,Urban,Y
60,LP001792,Male,Yes,1,Graduate,No,3315,0.0,96,360,1,Semiurban,Y
61,LP002556,Male,No,0,Graduate,No,2435,0.0,75,360,1,Urban,N
62,LP002366,Male,Yes,0,Graduate,No,2666,4300.0,121,360,1,Rural,Y
63,LP002201,Male,Yes,2,Graduate,Yes,9323,7873.0,380,300,1,Rural,Y
64,LP001699,Male,No,0,Graduate,No,2479,0.0,59,360,1,Urban,Y
65,LP001931,Female,No,0,Graduate,No,4124,0.0,115,360,1,Semiurban,Y
66,LP002874,Male,No,0,Graduate,No,3229,2739.0,110,360,1,Urban,Y
67,LP002936,Male,Yes,0,Graduate,No,3859,3300.0,142,180,1,Rural,Y
68,LP001577,Female,Yes,0,Graduate,No,4583,0.0,112,360,1,Rural,N
69,LP002544,Male,Yes,1,Not Graduate,No,1958,2436.0,131,360,1,Rural,Y
70,LP001157,Female,No,0,Graduate,No,3086,0.0,120,360,1,Semiurban,Y
71,LP002170,Male,Yes,2,Graduate,No,5000,3667.0,236,360,1,Semiurban,Y
72,LP001859,Male,Yes,0,Graduate,No,14683,2100.0,304,360,1,Rural,N
73,LP002840,Female,No,0,Graduate,No,2378,0.0,9,360,1,Urban,N
74,LP002342,Male,Yes,2,Graduate,Yes,1600,20000.0,239,360,1,Urban,N
75,LP001432,Male,Yes,2,Graduate,No,2957,0.0,81,360,1,Semiurban,Y
76,LP002792,Male,Yes,1,Graduate,No,5468,1032.0,26,360,1,Semiurban,Y
77,LP002689,Male,Yes,2,Not Graduate,No,2192,1742.0,45,360,1,Semiurban,Y
78,LP001974,Female,No,0,Graduate,No,5000,0.0,132,360,1,Rural,Y
79,LP002255,Male,No,3+,Graduate,No,9167,0.0,185,360,1,Rural,Y
80,LP001404,Female,Yes,0,Graduate,No,3167,2283.0,154,360,1,Semiurban,Y
81,LP002938,Male,Yes,0,Graduate,Yes,16120,0.0,260,360,1,Urban,Y
82,LP001518,Male,Yes,1,Graduate,No,1538,1425.0,30,360,1,Urban,Y
83,LP002734,Male,Yes,0,Graduate,No,6133,3906.0,324,360,1,Urban,Y
84,LP002940,Male,No,0,Not Graduate,No,3833,0.0,110,360,1,Rural,Y
85,LP001807,Male,Yes,2,Graduate,Yes,6250,1300.0,108,360,1,Rural,Y
86,LP002403,Male,No,0,Graduate,Yes,10416,0.0,187,360,0,Urban,N
87,LP001199,Male,Yes,2,Not Graduate,No,3357,2859.0,144,360,1,Urban,Y
88,LP002683,Male,No,0,Graduate,No,4683,1915.0,185,360,1,Semiurban,N
89,LP001910,Male,No,1,Not Graduate,Yes,4053,2426.0,158,360,0,Urban,N
90,LP001493,Male,Yes,2,Not Graduate,No,4200,1430.0,129,360,1,Rural,N
91,LP002262,Male,Yes,3+,Graduate,No,9504,0.0,275,360,1,Rural,Y
92,LP001579,Male,No,0,Graduate,No,2237,0.0,63,480,0,Semiurban,N
93,LP002714,Male,No,1,Not Graduate,No,2679,1302.0,94,360,1,Semiurban,Y
94,LP002190,Male,Yes,1,Graduate,No,6325,0.0,175,360,1,Semiurban,Y
95,LP001800,Male,Yes,1,Not Graduate,No,2510,1983.0,140,180,1,Urban,N
96,LP001487,Male,No,0,Graduate,No,4895,0.0,102,360,1,Semiurban,Y
97,LP002317,Male,Yes,3+,Graduate,No,81000,0.0,360,360,0,Rural,N
98,LP002603,Female,No,0,Graduate,No,645,3683.0,113,480,1,Rural,Y
99,LP002082,Male,Yes,0,Graduate,Yes,5818,2160.0,184,360,1,Semiurban,Y
100,LP002487,Male,Yes,0,Graduate,No,3015,2188.0,153,360,1,Rural,Y
101,LP002434,Male,Yes,2,Not Graduate,No,4652,0.0,110,360,1,Rural,Y
102,LP002959,Female,Yes,1,Graduate,No,12000,0.0,496,360,1,Semiurban,Y
103,LP002287,Female,No,0,Graduate,No,1500,1800.0,103,360,0,Semiurban,N
104,LP002379,Male,No,0,Graduate,No,6500,0.0,105,360,0,Rural,N
105,LP001514,Female,Yes,0,Graduate,No,2330,4486.0,100,360,1,Semiurban,Y
106,LP001610,Male,Yes,3+,Graduate,No,5516,11300.0,495,360,0,Semiurban,N
107,LP001043,Male,Yes,0,Not Graduate,No,7660,0.0,104,360,0,Urban,N
108,LP002348,Male,Yes,0,Graduate,No,5829,0.0,138,360,1,Rural,Y
109,LP001904,Male,Yes,0,Graduate,No,3103,1300.0,80,360,1,Urban,Y
110,LP001430,Female,No,0,Graduate,No,4166,0.0,44,360,1,Semiurban,Y
111,LP002821,Male,No,0,Not Graduate,Yes,5800,0.0,132,360,1,Semiurban,Y
112,LP002387,Male,Yes,0,Graduate,No,2425,2340.0,143,360,1,Semiurban,Y
113,LP002979,Male,Yes,3+,Graduate,No,4106,0.0,40,180,1,Rural,Y
114,LP001692,Female,No,0,Not Graduate,No,4408,0.0,120,360,1,Semiurban,Y
115,LP001267,Female,Yes,2,Graduate,No,1378,1881.0,167,360,1,Urban,N
116,LP002586,Female,Yes,1,Graduate,No,3326,913.0,105,84,1,Semiurban,Y
117,LP001489,Female,Yes,0,Graduate,No,4583,0.0,84,360,1,Rural,N
118,LP002634,Female,No,1,Graduate,No,13262,0.0,40,360,1,Urban,Y
119,LP002893,Male,No,0,Graduate,No,1836,33837.0,90,360,1,Urban,N
120,LP001868,Male,No,0,Graduate,No,2060,2209.0,134,360,1,Semiurban,Y
121,LP001164,Female,No,0,Graduate,No,4230,0.0,112,360,1,Semiurban,N
122,LP002813,Female,Yes,1,Graduate,Yes,19484,0.0,600,360,1,Semiurban,Y
123,LP002517,Male,Yes,1,Not Graduate,No,2653,1500.0,113,180,0,Rural,N
124,LP001046,Male,Yes,1,Graduate,No,5955,5625.0,315,360,1,Urban,Y
125,LP002582,Female,No,0,Not Graduate,Yes,17263,0.0,225,360,1,Semiurban,Y
126,LP001316,Male,Yes,0,Graduate,No,2958,2900.0,131,360,1,Semiurban,Y
127,LP001715,Male,Yes,3+,Not Graduate,Yes,5703,0.0,130,360,1,Rural,Y
128,LP001068,Male,Yes,0,Graduate,No,2799,2253.0,122,360,1,Semiurban,Y
129,LP002119,Male,Yes,1,Not Graduate,No,4554,1229.0,158,360,1,Urban,Y
130,LP002151,Male,Yes,1,Graduate,No,3875,0.0,67,360,1,Urban,N
131,LP002337,Female,No,0,Graduate,No,2995,0.0,60,360,1,Urban,Y
132,LP001653,Male,No,0,Not Graduate,No,4885,0.0,48,360,1,Rural,Y
133,LP001640,Male,Yes,0,Graduate,Yes,39147,4750.0,120,360,1,Semiurban,Y
134,LP002315,Male,Yes,1,Graduate,No,8300,0.0,152,300,0,Semiurban,N
135,LP002693,Male,Yes,2,Graduate,Yes,7948,7166.0,480,360,1,Rural,Y
136,LP002129,Male,Yes,0,Graduate,No,2499,2458.0,160,360,1,Semiurban,Y
137,LP001722,Male,Yes,0,Graduate,No,150,1800.0,135,360,1,Rural,N
138,LP002067,Male,Yes,1,Graduate,Yes,8666,4983.0,376,360,0,Rural,N
139,LP002836,Male,No,0,Graduate,No,3333,0.0,70,360,1,Urban,Y
140,LP002659,Male,Yes,3+,Graduate,No,3466,3428.0,150,360,1,Rural,Y
141,LP002314,Female,No,0,Not Graduate,No,2213,0.0,66,360,1,Rural,Y
142,LP001940,Male,Yes,2,Graduate,No,3153,1560.0,134,360,1,Urban,Y
143,LP001289,Male,No,0,Graduate,No,8566,0.0,210,360,1,Urban,Y
144,LP001915,Male,Yes,2,Graduate,No,2301,985.7999878,78,180,1,Urban,Y
145,LP002519,Male,Yes,3+,Graduate,No,4691,0.0,100,360,1,Semiurban,Y
146,LP002191,Male,Yes,0,Graduate,No,19730,5266.0,570,360,1,Rural,N
147,LP002301,Female,No,0,Graduate,Yes,7441,0.0,194,360,1,Rural,N
148,LP002006,Female,No,0,Graduate,No,2507,0.0,56,360,1,Rural,Y
149,LP002236,Male,Yes,2,Graduate,No,4566,0.0,100,360,1,Urban,N
150,LP002931,Male,Yes,2,Graduate,Yes,6000,0.0,205,240,1,Semiurban,N
151,LP002945,Male,Yes,0,Graduate,Yes,9963,0.0,180,360,1,Rural,Y
152,LP002266,Male,Yes,2,Graduate,No,3100,1400.0,113,360,1,Urban,Y
153,LP001519,Female,No,0,Graduate,No,10000,1666.0,225,360,1,Rural,N
154,LP002051,Male,Yes,0,Graduate,No,2400,2167.0,115,360,1,Semiurban,Y
155,LP001784,Male,Yes,1,Graduate,No,5500,1260.0,170,360,1,Rural,Y
156,LP002837,Male,Yes,3+,Graduate,No,3400,2500.0,123,360,0,Rural,N
157,LP002615,Male,Yes,2,Graduate,No,4865,5624.0,208,360,1,Semiurban,Y
158,LP002446,Male,Yes,2,Not Graduate,No,2309,1255.0,125,360,0,Rural,N
159,LP002205,Male,No,1,Graduate,No,3062,1987.0,111,180,0,Urban,N
160,LP001798,Male,Yes,2,Graduate,No,5819,5000.0,120,360,1,Rural,Y
161,LP002493,Male,No,0,Graduate,No,4166,0.0,98,360,0,Semiurban,N
162,LP001586,Male,Yes,3+,Not Graduate,No,3522,0.0,81,180,1,Rural,N
163,LP002692,Male,Yes,3+,Graduate,Yes,5677,1424.0,100,360,1,Rural,Y
164,LP001758,Male,Yes,2,Graduate,No,6250,1695.0,210,360,1,Semiurban,Y
165,LP002180,Male,No,0,Graduate,Yes,6822,0.0,141,360,1,Rural,Y
166,LP002398,Male,No,0,Graduate,No,1926,1851.0,50,360,1,Semiurban,Y
167,LP002494,Male,No,0,Graduate,No,6000,0.0,140,360,1,Rural,Y
168,LP001066,Male,Yes,0,Graduate,Yes,9560,0.0,191,360,1,Semiurban,Y
169,LP001206,Male,Yes,3+,Graduate,No,3029,0.0,99,360,1,Urban,Y
170,LP002139,Male,Yes,0,Graduate,No,9083,0.0,228,360,1,Semiurban,Y
171,LP002755,Male,Yes,1,Not Graduate,No,2239,2524.0,128,360,1,Urban,Y
172,LP002772,Male,No,0,Graduate,No,2526,1783.0,145,360,1,Rural,Y
173,LP001529,Male,Yes,0,Graduate,Yes,2577,3750.0,152,360,1,Rural,Y
174,LP002370,Male,No,0,Not Graduate,No,2717,0.0,60,180,1,Urban,Y
175,LP001954,Female,Yes,1,Graduate,No,4666,0.0,135,360,1,Urban,Y
176,LP002916,Male,Yes,0,Graduate,No,2297,1522.0,104,360,1,Urban,Y
177,LP002571,Male,No,0,Not Graduate,No,3691,0.0,110,360,1,Rural,Y
178,LP002004,Male,No,0,Not Graduate,No,2927,2405.0,111,360,1,Semiurban,Y
179,LP002250,Male,Yes,0,Graduate,No,5488,0.0,125,360,1,Rural,Y
180,LP001516,Female,Yes,2,Graduate,No,14866,0.0,70,360,1,Urban,Y
181,LP002863,Male,Yes,3+,Graduate,No,6406,0.0,150,360,1,Semiurban,N
182,LP002265,Male,Yes,2,Not Graduate,No,1993,1625.0,113,180,1,Semiurban,Y
183,LP001155,Female,Yes,0,Not Graduate,No,1928,1644.0,100,360,1,Semiurban,Y
184,LP001532,Male,Yes,2,Not Graduate,No,2281,0.0,113,360,1,Rural,N
185,LP002158,Male,Yes,0,Not Graduate,No,3000,1666.0,100,480,0,Urban,N
186,LP001947,Male,Yes,0,Graduate,No,2383,3334.0,172,360,1,Semiurban,Y
187,LP001095,Male,No,0,Graduate,No,3167,0.0,74,360,1,Urban,N
188,LP002087,Female,No,0,Graduate,No,2500,0.0,67,360,1,Urban,Y
189,LP001422,Female,No,0,Graduate,No,10408,0.0,259,360,1,Urban,Y
190,LP001114,Male,No,0,Graduate,No,4166,7210.0,184,360,1,Urban,Y
191,LP001146,Female,Yes,0,Graduate,No,2645,3440.0,120,360,0,Urban,N
192,LP002743,Female,No,0,Graduate,No,2138,0.0,99,360,0,Semiurban,N
193,LP002798,Male,Yes,0,Graduate,No,3887,2669.0,162,360,1,Semiurban,Y
194,LP002377,Female,No,1,Graduate,Yes,8624,0.0,150,360,1,Semiurban,Y
195,LP001761,Male,No,0,Graduate,Yes,6400,0.0,200,360,1,Rural,Y
196,LP001349,Male,No,0,Graduate,No,4843,3806.0,151,360,1,Semiurban,Y
197,LP001245,Male,Yes,2,Not Graduate,Yes,1875,1875.0,97,360,1,Semiurban,Y
198,LP002648,Male,Yes,0,Graduate,No,2130,6666.0,70,180,1,Semiurban,N
199,LP001543,Male,Yes,1,Graduate,No,9538,0.0,187,360,1,Urban,Y
200,LP001100,Male,No,3+,Graduate,No,12500,3000.0,320,360,1,Rural,N
201,LP001993,Female,No,0,Graduate,No,3762,1666.0,135,360,1,Rural,Y
202,LP002606,Female,No,0,Graduate,No,3159,0.0,100,360,1,Semiurban,Y
203,LP001011,Male,Yes,2,Graduate,Yes,5417,4196.0,267,360,1,Urban,Y
204,LP001333,Male,Yes,0,Graduate,No,1977,997.0,50,360,1,Semiurban,Y
205,LP002738,Male,No,2,Graduate,No,3617,0.0,107,360,1,Semiurban,Y
206,LP002181,Male,No,0,Not Graduate,No,6216,0.0,133,360,1,Rural,N
207,LP001606,Male,Yes,0,Graduate,No,3497,1964.0,116,360,1,Rural,Y
208,LP001903,Male,Yes,0,Graduate,No,3993,3274.0,207,360,1,Semiurban,Y
209,LP002459,Male,Yes,0,Graduate,No,4301,0.0,118,360,1,Urban,Y
210,LP002912,Male,Yes,1,Graduate,No,4283,3000.0,172,84,1,Rural,N
211,LP002602,Male,No,0,Graduate,No,6283,4416.0,209,360,0,Rural,N
212,LP001674,Male,Yes,1,Not Graduate,No,2600,2500.0,90,360,1,Semiurban,Y
213,LP002035,Male,Yes,2,Graduate,No,3717,0.0,120,360,1,Semiurban,Y
214,LP002187,Male,No,0,Graduate,No,2500,0.0,96,480,1,Semiurban,N
215,LP002785,Male,Yes,1,Graduate,No,3333,3250.0,158,360,1,Urban,Y
216,LP001926,Male,Yes,0,Graduate,No,3704,2000.0,120,360,1,Rural,Y
217,LP002640,Male,Yes,1,Graduate,No,6065,2004.0,250,360,1,Semiurban,Y
218,LP001006,Male,Yes,0,Not Graduate,No,2583,2358.0,120,360,1,Urban,Y
219,LP001151,Female,No,0,Graduate,No,4000,2275.0,144,360,1,Semiurban,Y
220,LP001116,Male,No,0,Not Graduate,No,3748,1668.0,110,360,1,Semiurban,Y
221,LP001013,Male,Yes,0,Not Graduate,No,2333,1516.0,95,360,1,Urban,Y
222,LP002224,Male,No,0,Graduate,No,3069,0.0,71,480,1,Urban,N
223,LP002175,Male,Yes,0,Graduate,No,4750,2333.0,130,360,1,Urban,Y
224,LP001131,Male,Yes,0,Graduate,No,3941,2336.0,134,360,1,Semiurban,Y
225,LP001528,Male,No,0,Graduate,No,6277,0.0,118,360,0,Rural,N
226,LP001677,Male,No,2,Graduate,No,4923,0.0,166,360,0,Semiurban,Y
227,LP002418,Male,No,3+,Not Graduate,No,4707,1993.0,148,360,1,Semiurban,Y
228,LP002368,Male,Yes,2,Graduate,No,5935,0.0,133,360,1,Semiurban,Y
229,LP002720,Male,Yes,3+,Graduate,No,4281,0.0,100,360,1,Urban,Y
230,LP002767,Male,Yes,0,Graduate,No,2768,1950.0,155,360,1,Rural,Y
231,LP001322,Male,No,0,Graduate,No,4133,0.0,122,360,1,Semiurban,Y
232,LP002097,Male,No,1,Graduate,No,4384,1793.0,117,360,1,Urban,Y
233,LP002234,Male,No,0,Graduate,Yes,7167,0.0,128,360,1,Urban,Y
234,LP001639,Female,Yes,0,Graduate,No,3625,0.0,108,360,1,Semiurban,Y
235,LP001186,Female,Yes,1,Graduate,Yes,11500,0.0,286,360,0,Urban,N
236,LP001028,Male,Yes,2,Graduate,No,3073,8106.0,200,360,1,Urban,Y
237,LP001765,Male,Yes,1,Graduate,No,2491,2054.0,104,360,1,Semiurban,Y
238,LP001018,Male,Yes,2,Graduate,No,4006,1526.0,168,360,1,Urban,Y
239,LP001875,Male,No,0,Graduate,No,4095,3447.0,151,360,1,Rural,Y
240,LP001656,Male,No,0,Graduate,No,12000,0.0,164,360,1,Semiurban,N
241,LP002361,Male,Yes,0,Graduate,No,1820,1719.0,100,360,1,Urban,Y
242,LP002467,Male,Yes,0,Graduate,No,3708,2569.0,173,360,1,Urban,N
243,LP002328,Male,Yes,0,Not Graduate,No,6096,0.0,218,360,0,Rural,N
244,LP002211,Male,Yes,0,Graduate,No,4817,923.0,120,180,1,Urban,Y
245,LP002524,Male,No,2,Graduate,No,5532,4648.0,162,360,1,Rural,Y
246,LP002832,Male,Yes,2,Graduate,No,8799,0.0,258,360,0,Urban,N
247,LP002841,Male,Yes,0,Graduate,No,3166,2064.0,104,360,0,Urban,N
248,LP001478,Male,No,0,Graduate,No,2718,0.0,70,360,1,Semiurban,Y
249,LP001894,Male,Yes,0,Graduate,No,2620,2223.0,150,360,1,Semiurban,Y
250,LP002894,Female,Yes,0,Graduate,No,3166,0.0,36,360,1,Semiurban,Y
251,LP002284,Male,No,0,Not Graduate,No,3902,1666.0,109,360,1,Rural,Y
252,LP002305,Female,No,0,Graduate,No,4547,0.0,115,360,1,Semiurban,Y
253,LP001343,Male,Yes,0,Graduate,No,1759,3541.0,131,360,1,Semiurban,Y
254,LP001936,Male,Yes,0,Graduate,No,3075,2416.0,139,360,1,Rural,Y
255,LP002788,Male,Yes,0,Not Graduate,No,2454,2333.0,181,360,0,Urban,N
256,LP001535,Male,No,0,Graduate,No,3254,0.0,50,360,1,Urban,Y
257,LP002892,Male,Yes,2,Graduate,No,6540,0.0,205,360,1,Semiurban,Y
258,LP001636,Male,Yes,0,Graduate,No,4600,0.0,73,180,1,Semiurban,Y
259,LP001038,Male,Yes,0,Not Graduate,No,4887,0.0,133,360,1,Rural,N
260,LP001572,Male,Yes,0,Graduate,No,9323,0.0,75,180,1,Urban,Y
261,LP001385,Male,No,0,Graduate,No,5316,0.0,136,360,1,Urban,Y
262,LP001726,Male,Yes,0,Graduate,No,3727,1775.0,131,360,1,Semiurban,Y
263,LP002308,Male,Yes,0,Not Graduate,No,2167,2400.0,115,360,1,Urban,Y
264,LP002449,Male,Yes,0,Graduate,No,2483,2466.0,90,180,0,Rural,Y
265,LP001112,Female,Yes,0,Graduate,No,3667,1459.0,144,360,1,Semiurban,Y
266,LP002142,Female,Yes,0,Graduate,Yes,5500,0.0,105,360,0,Rural,N
267,LP001953,Male,Yes,1,Graduate,No,6875,0.0,200,360,1,Semiurban,Y
268,LP001955,Female,No,0,Graduate,No,5000,2541.0,151,480,1,Rural,N
269,LP001658,Male,No,0,Graduate,No,3858,0.0,76,360,1,Semiurban,Y
270,LP002652,Male,No,0,Graduate,No,5815,3666.0,311,360,1,Rural,N
271,LP001279,Male,No,0,Graduate,No,2366,2531.0,136,360,1,Semiurban,Y
272,LP001917,Female,No,0,Graduate,No,1811,1666.0,54,360,1,Urban,Y
273,LP002948,Male,Yes,2,Graduate,No,5780,0.0,192,360,1,Urban,Y
274,LP001179,Male,Yes,2,Graduate,No,4616,0.0,134,360,1,Urban,N
275,LP002978,Female,No,0,Graduate,No,2900,0.0,71,360,1,Rural,Y
276,LP002098,Male,No,0,Graduate,No,2935,0.0,98,360,1,Semiurban,Y
277,LP001580,Male,Yes,2,Graduate,No,8000,0.0,200,360,1,Semiurban,Y
278,LP002731,Female,No,0,Not Graduate,Yes,18165,0.0,125,360,1,Urban,Y
279,LP002716,Male,No,0,Not Graduate,No,6783,0.0,130,360,1,Semiurban,Y
280,LP001836,Female,No,2,Graduate,No,3427,0.0,138,360,1,Urban,N
281,LP001233,Male,Yes,1,Graduate,No,10750,0.0,312,360,1,Urban,Y
282,LP001565,Male,Yes,1,Graduate,No,3089,1280.0,121,360,0,Semiurban,N
283,LP001024,Male,Yes,2,Graduate,No,3200,700.0,70,360,1,Urban,Y
284,LP001334,Male,Yes,0,Not Graduate,No,4188,0.0,115,180,1,Semiurban,Y
285,LP002231,Female,No,0,Graduate,No,6000,0.0,156,360,1,Urban,Y
286,LP001120,Male,No,0,Graduate,No,1800,1213.0,47,360,1,Urban,Y
287,LP002958,Male,No,0,Graduate,No,3676,4301.0,172,360,1,Rural,Y
288,LP001325,Male,No,0,Not Graduate,No,3620,0.0,25,120,1,Semiurban,Y
289,LP002600,Male,Yes,1,Graduate,Yes,2895,0.0,95,360,1,Semiurban,Y
290,LP001691,Male,Yes,2,Not Graduate,No,3917,0.0,124,360,1,Semiurban,Y
291,LP002448,Male,Yes,0,Graduate,No,3948,1733.0,149,360,0,Rural,N
292,LP001238,Male,Yes,3+,Not Graduate,Yes,7100,0.0,125,60,1,Urban,Y
293,LP002555,Male,Yes,2,Graduate,Yes,4583,2083.0,160,360,1,Semiurban,Y
294,LP002050,Male,Yes,1,Graduate,Yes,10000,0.0,155,360,1,Rural,N
295,LP002347,Male,Yes,0,Graduate,No,3246,1417.0,138,360,1,Semiurban,Y
296,LP001711,Male,Yes,3+,Graduate,No,3430,1250.0,128,360,0,Semiurban,N
297,LP002116,Female,No,0,Graduate,No,2378,0.0,46,360,1,Rural,N
298,LP001225,Male,Yes,0,Graduate,No,5726,4595.0,258,360,1,Semiurban,N
299,LP001504,Male,No,0,Graduate,Yes,6950,0.0,175,180,1,Semiurban,Y
300,LP001253,Male,Yes,3+,Graduate,Yes,5266,1774.0,187,360,1,Semiurban,Y
301,LP002219,Male,Yes,3+,Graduate,No,8750,4996.0,130,360,1,Rural,Y
302,LP002369,Male,Yes,0,Graduate,No,2920,16.12000084,87,360,1,Rural,Y
303,LP001384,Male,Yes,3+,Not Graduate,No,2071,754.0,94,480,1,Semiurban,Y
304,LP002739,Male,Yes,0,Not Graduate,No,2917,536.0,66,360,1,Rural,N
305,LP001778,Male,Yes,1,Graduate,No,3155,1779.0,140,360,1,Semiurban,Y
306,LP001844,Male,No,0,Graduate,Yes,16250,0.0,192,360,0,Urban,N
307,LP001963,Male,Yes,1,Graduate,No,2014,2925.0,113,360,1,Urban,N
308,LP001938,Male,Yes,2,Graduate,No,4400,0.0,127,360,0,Semiurban,N
309,LP001843,Male,Yes,1,Not Graduate,No,2661,7101.0,279,180,1,Semiurban,Y
310,LP002776,Female,No,0,Graduate,No,5000,0.0,103,360,0,Semiurban,N
311,LP002855,Male,Yes,2,Graduate,No,16666,0.0,275,360,1,Urban,Y
312,LP002161,Female,No,1,Graduate,No,4723,0.0,81,360,1,Semiurban,N
313,LP002364,Male,Yes,0,Graduate,No,14880,0.0,96,360,1,Semiurban,Y
314,LP002705,Male,Yes,0,Graduate,No,3775,0.0,110,360,1,Semiurban,Y
315,LP001813,Male,No,0,Graduate,Yes,6050,4333.0,120,180,1,Urban,N
316,LP001086,Male,No,0,Not Graduate,No,1442,0.0,35,360,1,Urban,N
317,LP001914,Male,Yes,0,Graduate,No,3927,800.0,112,360,1,Semiurban,Y
318,LP001520,Male,Yes,0,Graduate,No,4860,830.0,125,360,1,Semiurban,Y
319,LP001664,Male,No,0,Graduate,No,4191,0.0,120,360,1,Rural,Y
320,LP001751,Male,Yes,0,Graduate,No,3250,0.0,170,360,1,Rural,N
321,LP001806,Male,No,0,Graduate,No,2965,5701.0,155,60,1,Urban,Y
322,LP001319,Male,Yes,2,Not Graduate,No,3273,1820.0,81,360,1,Urban,Y
323,LP001900,Male,Yes,1,Graduate,No,2750,1842.0,115,360,1,Semiurban,Y
324,LP001977,Male,Yes,1,Graduate,No,1625,1803.0,96,360,1,Urban,Y
325,LP001641,Male,Yes,1,Graduate,Yes,2178,0.0,66,300,0,Rural,N
326,LP001222,Female,No,0,Graduate,No,4166,0.0,116,360,0,Semiurban,N
327,LP002068,Male,No,0,Graduate,No,4917,0.0,130,360,0,Rural,Y
328,LP001451,Male,Yes,1,Graduate,Yes,10513,3850.0,160,180,0,Urban,N
329,LP001482,Male,Yes,0,Graduate,Yes,3459,0.0,25,120,1,Semiurban,Y
330,LP001872,Male,No,0,Graduate,Yes,5166,0.0,128,360,1,Semiurban,Y
331,LP002529,Male,Yes,2,Graduate,No,6700,1750.0,230,300,1,Semiurban,Y
332,LP002527,Male,Yes,2,Graduate,Yes,16525,1014.0,150,360,1,Rural,Y
333,LP001008,Male,No,0,Graduate,No,6000,0.0,141,360,1,Urban,Y
334,LP002706,Male,Yes,1,Not Graduate,No,5285,1430.0,161,360,0,Semiurban,Y
335,LP002961,Male,Yes,1,Graduate,No,3400,2500.0,173,360,1,Semiurban,Y
336,LP002197,Male,Yes,2,Graduate,No,5185,0.0,155,360,1,Semiurban,Y
337,LP001698,Male,No,0,Not Graduate,No,3975,2531.0,55,360,1,Rural,Y
338,LP002777,Male,Yes,0,Graduate,No,2785,2016.0,110,360,1,Rural,Y
339,LP002768,Male,No,0,Not Graduate,No,3358,0.0,80,36,1,Semiurban,N
340,LP001994,Female,No,0,Graduate,No,2400,1863.0,104,360,0,Urban,N
341,LP001716,Male,Yes,0,Graduate,No,3173,3021.0,137,360,1,Urban,Y
342,LP002723,Male,No,2,Graduate,No,3588,0.0,110,360,0,Rural,N
343,LP002407,Female,Yes,0,Not Graduate,Yes,7142,0.0,138,360,1,Rural,Y
344,LP002332,Male,Yes,0,Not Graduate,No,2253,2033.0,110,360,1,Rural,Y
345,LP001207,Male,Yes,0,Not Graduate,Yes,2609,3449.0,165,180,0,Rural,N
346,LP001608,Male,Yes,2,Graduate,No,2045,1619.0,101,360,1,Rural,Y
347,LP001119,Male,No,0,Graduate,No,3600,0.0,80,360,1,Urban,N
348,LP002534,Female,No,0,Not Graduate,No,4350,0.0,154,360,1,Rural,Y
349,LP002984,Male,Yes,2,Graduate,No,7583,0.0,187,360,1,Urban,Y
350,LP001825,Male,Yes,0,Graduate,No,1809,1868.0,90,360,1,Urban,Y
351,LP001243,Male,Yes,0,Graduate,No,3208,3066.0,172,360,1,Urban,Y
352,LP002741,Female,Yes,1,Graduate,No,4608,2845.0,140,180,1,Semiurban,Y
353,LP001849,Male,No,0,Not Graduate,No,6045,0.0,115,360,0,Rural,N
354,LP001657,Male,Yes,0,Not Graduate,No,6033,0.0,160,360,1,Urban,N
355,LP001073,Male,Yes,2,Not Graduate,No,4226,1040.0,110,360,1,Urban,Y
356,LP001790,Female,No,1,Graduate,No,3812,0.0,112,360,1,Rural,Y
357,LP001003,Male,Yes,1,Graduate,No,4583,1508.0,128,360,1,Rural,N
358,LP002587,Male,Yes,0,Not Graduate,No,2600,1700.0,107,360,1,Rural,Y
359,LP001228,Male,No,0,Not Graduate,No,3200,2254.0,126,180,0,Urban,N
360,LP001570,Male,Yes,2,Graduate,No,4167,1447.0,158,360,1,Rural,Y
361,LP002225,Male,Yes,2,Graduate,No,5391,0.0,130,360,1,Urban,Y
362,LP001197,Male,Yes,0,Graduate,No,3366,2200.0,135,360,1,Rural,N
363,LP002795,Male,Yes,3+,Graduate,Yes,10139,0.0,260,360,1,Semiurban,Y
364,LP001708,Female,No,0,Graduate,No,10000,0.0,214,360,1,Semiurban,N
365,LP002974,Male,Yes,0,Graduate,No,3232,1950.0,108,360,1,Rural,Y
366,LP002300,Female,No,0,Not Graduate,No,1963,0.0,53,360,1,Semiurban,Y
367,LP002983,Male,Yes,1,Graduate,No,8072,240.0,253,360,1,Urban,Y
368,LP002296,Male,No,0,Not Graduate,No,2755,0.0,65,300,1,Rural,N
369,LP001439,Male,Yes,0,Not Graduate,No,4300,2014.0,194,360,1,Rural,Y
370,LP001508,Male,Yes,2,Graduate,No,11757,0.0,187,180,1,Urban,Y
371,LP002473,Male,Yes,0,Graduate,No,8334,0.0,160,360,1,Semiurban,N
372,LP002053,Male,Yes,3+,Graduate,No,4342,189.0,124,360,1,Semiurban,Y
373,LP001248,Male,No,0,Graduate,No,3500,0.0,81,300,1,Semiurban,Y
374,LP002619,Male,Yes,0,Not Graduate,No,3814,1483.0,124,300,1,Semiurban,Y
375,LP002277,Female,No,0,Graduate,No,3180,0.0,71,360,0,Urban,N
376,LP002911,Male,Yes,1,Graduate,No,2787,1917.0,146,360,0,Rural,N
377,LP001401,Male,Yes,1,Graduate,No,14583,0.0,185,180,1,Rural,Y
378,LP002484,Male,Yes,3+,Graduate,No,7740,0.0,128,180,1,Urban,Y
379,LP002585,Male,Yes,0,Graduate,No,3597,2157.0,119,360,0,Rural,N
380,LP001841,Male,No,0,Not Graduate,Yes,2583,2167.0,104,360,1,Rural,Y
381,LP002820,Male,Yes,0,Graduate,No,5923,2054.0,211,360,1,Rural,Y
382,LP001744,Male,No,0,Graduate,No,2971,2791.0,144,360,1,Semiurban,Y
383,LP001552,Male,Yes,0,Graduate,No,4583,5625.0,255,360,1,Semiurban,Y
0,LP002684,Female,No,0,Not Graduate,No,3400,0.0,95,360,1,Rural,N
1,LP001907,Male,Yes,0,Graduate,No,14583,0.0,436,360,1,Semiurban,Y
2,LP001205,Male,Yes,0,Graduate,No,2500,3796.0,120,360,1,Urban,Y
3,LP001275,Male,Yes,1,Graduate,No,3988,0.0,50,240,1,Urban,Y
4,LP002455,Male,Yes,2,Graduate,No,3859,0.0,96,360,1,Semiurban,Y
5,LP001029,Male,No,0,Graduate,No,1853,2840.0,114,360,1,Rural,N
6,LP001345,Male,Yes,2,Not Graduate,No,4288,3263.0,133,180,1,Urban,Y
7,LP001047,Male,Yes,0,Not Graduate,No,2600,1911.0,116,360,0,Semiurban,N
8,LP002917,Female,No,0,Not Graduate,No,2165,0.0,70,360,1,Semiurban,Y
9,LP002515,Male,Yes,1,Graduate,Yes,3450,2079.0,162,360,1,Semiurban,Y
10,LP002335,Female,Yes,0,Not Graduate,No,2149,3237.0,178,360,0,Semiurban,N
11,LP001265,Female,No,0,Graduate,No,3846,0.0,111,360,1,Semiurban,Y
12,LP002065,Male,Yes,3+,Graduate,No,15000,0.0,300,360,1,Rural,Y
13,LP002140,Male,No,0,Graduate,No,8750,4167.0,308,360,1,Rural,N
14,LP002740,Male,Yes,3+,Graduate,No,6417,0.0,157,180,1,Rural,Y
15,LP002143,Female,Yes,0,Graduate,No,2423,505.0,130,360,1,Semiurban,Y
16,LP001688,Male,Yes,1,Not Graduate,No,3500,1083.0,135,360,1,Urban,Y
17,LP001498,Male,No,0,Graduate,No,5417,0.0,168,360,1,Urban,Y
18,LP002409,Male,Yes,0,Graduate,No,7901,1833.0,180,360,1,Rural,Y
19,LP002670,Female,Yes,2,Graduate,No,2031,1632.0,113,480,1,Semiurban,Y
20,LP001492,Male,No,0,Graduate,No,14999,0.0,242,360,0,Semiurban,N
21,LP002643,Male,Yes,2,Graduate,No,3283,2035.0,148,360,1,Urban,Y
22,LP002297,Male,No,0,Graduate,No,2500,20000.0,103,360,1,Semiurban,Y
23,LP002367,Female,No,1,Not Graduate,No,4606,0.0,81,360,1,Rural,N
24,LP001014,Male,Yes,3+,Graduate,No,3036,2504.0,158,360,0,Semiurban,N
25,LP002288,Male,Yes,2,Not Graduate,No,2889,0.0,45,180,0,Urban,N
26,LP001263,Male,Yes,3+,Graduate,No,3167,4000.0,180,300,0,Semiurban,N
27,LP002422,Male,No,1,Graduate,No,37719,0.0,152,360,1,Semiurban,Y
28,LP002114,Female,No,0,Graduate,No,4160,0.0,71,360,1,Semiurban,Y
29,LP002453,Male,No,0,Graduate,Yes,7085,0.0,84,360,1,Semiurban,Y
30,LP001884,Female,No,1,Graduate,No,2876,1560.0,90,360,1,Urban,Y
31,LP001616,Male,Yes,1,Graduate,No,3750,0.0,116,360,1,Semiurban,Y
32,LP001241,Female,No,0,Graduate,No,4300,0.0,136,360,0,Semiurban,N
33,LP002543,Male,Yes,2,Graduate,No,8333,0.0,246,360,1,Semiurban,Y
34,LP001835,Male,Yes,0,Not Graduate,No,1668,3890.0,201,360,0,Semiurban,N
35,LP001036,Female,No,0,Graduate,No,3510,0.0,76,360,0,Urban,N
36,LP002536,Male,Yes,3+,Not Graduate,No,3095,0.0,113,360,1,Rural,Y
37,LP001282,Male,Yes,0,Graduate,No,2500,2118.0,104,360,1,Semiurban,Y
38,LP002318,Female,No,1,Not Graduate,Yes,3867,0.0,62,360,1,Semiurban,N
39,LP002141,Male,Yes,3+,Graduate,No,2666,2083.0,95,360,1,Rural,Y
40,LP001702,Male,No,0,Graduate,No,3418,0.0,127,360,1,Semiurban,N
41,LP002086,Female,Yes,0,Graduate,No,4333,2451.0,110,360,1,Urban,N
42,LP002637,Male,No,0,Not Graduate,No,3598,1287.0,100,360,1,Rural,N
43,LP001935,Male,No,0,Graduate,No,9508,0.0,187,360,1,Rural,Y
44,LP001776,Female,No,0,Graduate,No,8333,0.0,280,360,1,Semiurban,Y
45,LP002281,Male,Yes,0,Graduate,No,3033,1459.0,95,360,1,Urban,Y
46,LP002131,Male,Yes,2,Not Graduate,No,3083,2168.0,126,360,1,Urban,Y
47,LP001594,Male,Yes,0,Graduate,No,5708,5625.0,187,360,1,Semiurban,Y
48,LP001846,Female,No,3+,Graduate,No,3083,0.0,255,360,1,Rural,Y
49,LP002239,Male,No,0,Not Graduate,No,2346,1600.0,132,360,1,Semiurban,Y
50,LP001892,Male,No,0,Graduate,No,2833,1857.0,126,360,1,Rural,Y
51,LP001665,Male,Yes,1,Graduate,No,3125,2583.0,170,360,1,Semiurban,N
52,LP002868,Male,Yes,2,Graduate,No,3159,461.0,108,84,1,Urban,Y
53,LP002537,Male,Yes,0,Graduate,No,2083,3150.0,128,360,1,Semiurban,Y
54,LP001431,Female,No,0,Graduate,No,2137,8980.0,137,360,0,Semiurban,Y
55,LP001198,Male,Yes,1,Graduate,No,8080,2250.0,180,360,1,Urban,Y
56,LP002112,Male,Yes,2,Graduate,Yes,2500,4600.0,176,360,1,Rural,Y
57,LP001743,Male,Yes,2,Graduate,No,4009,1717.0,116,360,1,Semiurban,Y
58,LP002500,Male,Yes,3+,Not Graduate,No,2947,1664.0,70,180,0,Urban,N
59,LP002622,Male,Yes,2,Graduate,No,3510,4416.0,243,360,1,Rural,Y
60,LP001560,Male,Yes,0,Not Graduate,No,1863,1041.0,98,360,1,Semiurban,Y
61,LP001421,Male,Yes,0,Graduate,No,5568,2142.0,175,360,1,Rural,N
62,LP001996,Male,No,0,Graduate,No,20233,0.0,480,360,1,Rural,N
63,LP002877,Male,Yes,1,Graduate,No,1782,2232.0,107,360,1,Rural,Y
64,LP001507,Male,Yes,0,Graduate,No,2698,2034.0,122,360,1,Semiurban,Y
65,LP001673,Male,No,0,Graduate,Yes,11000,0.0,83,360,1,Urban,N
66,LP001531,Male,No,0,Graduate,No,9166,0.0,244,360,1,Urban,N
67,LP002941,Male,Yes,2,Not Graduate,Yes,6383,1000.0,187,360,1,Rural,N
68,LP001637,Male,Yes,1,Graduate,No,33846,0.0,260,360,1,Semiurban,N
69,LP001310,Male,Yes,0,Graduate,No,5695,4167.0,175,360,1,Semiurban,Y
70,LP001750,Male,Yes,0,Graduate,No,6250,0.0,128,360,1,Semiurban,Y
71,LP002002,Female,No,0,Graduate,No,2917,0.0,84,360,1,Semiurban,Y
72,LP001736,Male,Yes,0,Graduate,No,2221,0.0,60,360,0,Urban,N
73,LP001870,Female,No,1,Graduate,No,3481,0.0,155,36,1,Semiurban,N
74,LP002443,Male,Yes,2,Graduate,No,3340,1710.0,150,360,0,Rural,N
75,LP001256,Male,No,0,Graduate,No,3750,4750.0,176,360,1,Urban,N
76,LP002194,Female,No,0,Graduate,Yes,15759,0.0,55,360,1,Semiurban,Y
77,LP001693,Female,No,0,Graduate,No,3244,0.0,80,360,1,Urban,Y
78,LP001603,Male,Yes,0,Not Graduate,Yes,4344,736.0,87,360,1,Semiurban,N
79,LP001138,Male,Yes,1,Graduate,No,5649,0.0,44,360,1,Urban,Y
80,LP001978,Male,No,0,Graduate,No,4000,2500.0,140,360,1,Rural,Y
81,LP002345,Male,Yes,0,Graduate,No,1025,2773.0,112,360,1,Rural,Y
82,LP001488,Male,Yes,3+,Graduate,No,4000,7750.0,290,360,1,Semiurban,N
83,LP001819,Male,Yes,1,Not Graduate,No,6608,0.0,137,180,1,Urban,Y
84,LP002547,Male,Yes,1,Graduate,No,18333,0.0,500,360,1,Urban,N
85,LP002699,Male,Yes,2,Graduate,Yes,17500,0.0,400,360,1,Rural,Y
86,LP002126,Male,Yes,3+,Not Graduate,No,3173,0.0,74,360,1,Semiurban,Y
87,LP002926,Male,Yes,2,Graduate,Yes,2726,0.0,106,360,0,Semiurban,N
88,LP002531,Male,Yes,1,Graduate,Yes,16667,2250.0,86,360,1,Semiurban,Y
89,LP001562,Male,Yes,0,Graduate,No,7933,0.0,275,360,1,Urban,N
90,LP001097,Male,No,1,Graduate,Yes,4692,0.0,106,360,1,Rural,N
91,LP001536,Male,Yes,3+,Graduate,No,39999,0.0,600,180,0,Semiurban,Y
92,LP001367,Male,Yes,1,Graduate,No,3052,1030.0,100,360,1,Urban,Y
93,LP002160,Male,Yes,3+,Graduate,No,5167,3167.0,200,360,1,Semiurban,Y
94,LP002964,Male,Yes,2,Not Graduate,No,3987,1411.0,157,360,1,Rural,Y
95,LP001666,Male,No,0,Graduate,No,8333,3750.0,187,360,1,Rural,Y
